Address,Score,Best Strict Match With,,NB TX,Sybil,Chain From First,Chain To First,Date First,Protocol First,Chain From Last,Chain To Last,Date Last,Protocol Last
0xcd838b7dff26b900a38c3fe5848748666cae48cf,,0x434020c39188807881a3e066eb0758ae5caeba39,31,71,false,Fantom,Fuse Mainnet,2024-02-11 18:56:33.000,Gas.zip,Fantom,Fuse Mainnet,2024-04-15 06:41:37.000,Gas.zip
0xd326d3083d833c9c2f114499a8009da62db9b8b8,41.69,0x705e5d332f4c5b04f1541403418f09727ab6ad89,29,59,false,Fantom,Fuse Mainnet,2024-02-11 18:57:55.000,Gas.zip,Fantom,Fuse Mainnet,2024-04-15 15:40:25.000,Gas.zip
0xe0be4e7bf4b65d7b9687970d29347d3e9e51012b,33.98,0x3db19b4ac715b0e28bcceaaba23aa17b6ca48ccc,21,43,false,Fantom,Fuse Mainnet,2024-02-11 19:00:49.000,Gas.zip,Fantom,Fuse Mainnet,2024-04-15 03:21:41.000,Gas.zip
0xd38d24b0483b3366a5bf90a09711feb5af9baa79,32.15,0xfab2e15e0a1929683fef84a1f02311ff8fe950ea,24,47,false,Fantom,Fuse Mainnet,2024-02-11 19:03:07.000,Gas.zip,Fantom,Fuse Mainnet,2024-04-15 13:28:38.000,Gas.zip
0x00000f5b610b7d5552513aef6415f57d9d008c58,40.39,0xb5a9a643c041bc418c498d3acc194a006793ae13,17,47,false,Fantom,Fuse Mainnet,2024-02-11 19:05:45.000,Gas.zip,Fantom,Fuse Mainnet,2024-04-14 18:10:28.000,Gas.zip
0x1be25319107be5b1969c381f8e50f9f992cca757,32.64,0xfc5598f48d1cfa1e30169630b30e2d8abd2e57d3,27,46,false,Fantom,Fuse Mainnet,2024-02-11 19:12:41.000,Gas.zip,Fantom,Fuse Mainnet,2024-04-14 23:04:47.000,Gas.zip
0xb5d8d093334fa3e395d1e1145cfa823acd658056,39.30,0x0375010372f8fbbdc7699e237ae68cb243ba4be6,25,51,false,Fantom,Fuse Mainnet,2024-02-11 19:16:11.000,Gas.zip,Fantom,Fuse Mainnet,2024-04-14 16:49:52.000,Gas.zip
0x8f88487798e2928a82d6f6c3c660a5f670fa83a4,31.02,0x9b7c02b6d63b138452b76a622bd477d36e03b66f,22,40,false,Fantom,Fuse Mainnet,2024-02-11 19:34:10.000,Gas.zip,Fantom,Fuse Mainnet,2024-04-15 20:10:31.000,Gas.zip
0x0c4870a39ba8db28a1d9412586b5c805cd85f933,23.66,0x1809a7d3bf168d59a025df46eb97c2c58edc5657,12,38,false,Fantom,Fuse Mainnet,2024-02-11 20:06:45.000,Gas.zip,Fantom,Fuse Mainnet,2024-04-15 14:00:56.000,Gas.zip
0x3db19b4ac715b0e28bcceaaba23aa17b6ca48ccc,57.01,0xc730d296ed98d832821ff48743704b5bc54e1fb1,24,62,false,Fantom,Fuse Mainnet,2024-02-11 20:16:17.000,Gas.zip,Fantom,Fuse Mainnet,2024-04-15 11:00:30.000,Gas.zip
0x66ec20adf9405f50d3d18a390573c03a7a5d8dd8,35.99,0x90cf9afdbc3dd7b03c094f251da1b1f31502b74d,40,80,false,Fantom,Fuse Mainnet,2024-02-11 20:18:04.000,Gas.zip,Fantom,Fuse Mainnet,2024-04-15 14:35:10.000,Gas.zip
0xe6f1671886a564121abe159b90e83dafb770a611,63.38,0xfab2e15e0a1929683fef84a1f02311ff8fe950ea,41,64,false,Fantom,Fuse Mainnet,2024-02-11 20:21:47.000,Gas.zip,Fantom,Fuse Mainnet,2024-04-14 19:34:56.000,Gas.zip
0x899c4766f611d4ede035c9fa6029101bed673599,36.48,0xacbbef553c0d2308c265728418855d035426ee0e,30,55,false,Fantom,Fuse Mainnet,2024-02-11 20:23:20.000,Gas.zip,Fantom,Fuse Mainnet,2024-04-14 19:04:40.000,Gas.zip
0xfd5b328a91adfbb16ec4a4f11fa8e7921f9fa3f3,23.56,0xa731f6970043898a8c276892d80f94450aaafd41,22,39,false,Fantom,Fuse Mainnet,2024-02-11 20:30:20.000,Gas.zip,Fantom,Fuse Mainnet,2024-04-15 18:09:18.000,Gas.zip
0xf059ce134a7ab0dbfdf543835864a0bd9f8443d9,58.38,0x5c4cf650d09b0bb02d73d4afbcc3d1a0d86588b8,27,62,false,Fantom,Fuse Mainnet,2024-02-11 20:32:09.000,Gas.zip,Fantom,Fuse Mainnet,2024-04-15 12:21:43.000,Gas.zip
0x0000f1c427bc6b2137554db3c9886e0a1019338f,27.64,0xd4af71d55eaf9ff26c9c9a1ef1cd548dd56490e5,28,50,false,Fantom,Fuse Mainnet,2024-02-11 20:36:19.000,Gas.zip,Fantom,Fuse Mainnet,2024-04-15 11:53:43.000,Gas.zip
0xf9e9db26722402e1a592e86a694be860130cc529,49.89,0x3d8660fc5840da7398f5081e58b006528323d19d,32,63,false,Fantom,Fuse Mainnet,2024-02-11 20:39:16.000,Gas.zip,Fantom,Fuse Mainnet,2024-04-15 10:17:12.000,Gas.zip
0x56a0c797a66dc97d9775864db57974ffd4107ebf,38.24,0x50d455f5ab804c27dee2d9b91e64c991c147e161,31,56,false,Fantom,Fuse Mainnet,2024-02-11 20:41:04.000,Gas.zip,Fantom,Fuse Mainnet,2024-04-15 00:21:44.000,Gas.zip
0x78eb5f37e53bca1ee2ba3befbd4a11c5660ee3d9,44.89,0x88273ecd65165e5d2155909babcb6e490a113fc9,20,56,false,Fantom,Fuse Mainnet,2024-02-11 20:43:26.000,Gas.zip,Fantom,Fuse Mainnet,2024-04-15 15:45:24.000,Gas.zip
0x1cfcd38ab44faa848da7894169386a6d3277e570,53.59,0x8af5000489862153d79ffe21487caaa01aecd55e,43,70,false,Fantom,Fuse Mainnet,2024-02-11 20:45:09.000,Gas.zip,Fantom,Fuse Mainnet,2024-04-14 20:17:48.000,Gas.zip
0x4261ab4a75711173865ad3ba61d065d9ad7a7ec1,65.95,0x6902d4c96e646c3bf22d53e99274040eddd319fa,31,65,false,Fantom,Fuse Mainnet,2024-02-11 20:47:54.000,Gas.zip,Fantom,Fuse Mainnet,2024-04-15 05:42:59.000,Gas.zip
0xbe3823d62b7e6063c59ccab5ba8437e03a54246b,24.75,0xdce8a3c67f16492fad78f10e6d04de56b19e1b24,24,39,false,Fantom,Fuse Mainnet,2024-02-11 20:50:22.000,Gas.zip,Fantom,Fuse Mainnet,2024-04-15 01:15:07.000,Gas.zip
0x8443e5cb4de0d865905f29c88d448c8c23be447e,34.05,0xd7961d41a9f8a5e364e0aeb76c616b89ae5156f7,44,100,false,Fantom,Fuse Mainnet,2024-02-11 20:54:15.000,Gas.zip,Fantom,Fuse Mainnet,2024-04-14 16:09:21.000,Gas.zip
0x0267ff6e2ca6fcd70ec4518a618d8d7ac2e5e94b,46.48,0xd4e48d51afbe1c0144cb9abbc6795bf99b5d09ba,38,68,false,Fantom,Fuse Mainnet,2024-02-11 20:55:51.000,Gas.zip,Fantom,Fuse Mainnet,2024-04-14 19:48:26.000,Gas.zip
0x1809a7d3bf168d59a025df46eb97c2c58edc5657,31.80,0x0266b2da96f5d125f9bcea27b18cef285d7b0076,19,48,false,Fantom,Fuse Mainnet,2024-02-11 20:59:24.000,Gas.zip,Fantom,Fuse Mainnet,2024-04-15 01:10:55.000,Gas.zip
0x1cd33d039cd229066864e8c19768c0ba39440fcd,36.09,0xff78b4c19db4ebdf86dbda210943342bc0e2f45e,21,44,false,Fantom,Fuse Mainnet,2024-02-11 21:00:59.000,Gas.zip,Fantom,Fuse Mainnet,2024-04-15 10:31:27.000,Gas.zip
0xd790ac034257e3044b7d4d44822719cc984195f5,59.26,0x5b41968d36d742fd5a0e83994b41985f4a531bf4,32,62,false,Fantom,Fuse Mainnet,2024-02-11 21:03:29.000,Gas.zip,Fantom,Fuse Mainnet,2024-04-14 23:57:06.000,Gas.zip
0xc1ef3a2b9b67cba9499228919196c8ced3f66208,25.81,0xd945348864251a671e45e2510c8141fef3b74913,45,82,false,Fantom,Fuse Mainnet,2024-02-11 21:05:26.000,Gas.zip,Fantom,Fuse Mainnet,2024-04-15 07:14:36.000,Gas.zip
0x7f590120861bc8553122be03d96372c4e492fa36,49.01,0xaf761102a0ecf21385902561b6d04169daa10b3a,34,59,false,Fantom,Fuse Mainnet,2024-02-11 21:09:23.000,Gas.zip,Fantom,Fuse Mainnet,2024-04-15 19:45:13.000,Gas.zip
0x705e5d332f4c5b04f1541403418f09727ab6ad89,37.99,0xd326d3083d833c9c2f114499a8009da62db9b8b8,29,53,false,Fantom,Fuse Mainnet,2024-02-11 21:12:37.000,Gas.zip,Fantom,Fuse Mainnet,2024-04-15 16:12:39.000,Gas.zip
0x58d833d5e1f3f601fad9b26cc933d9a17f457add,30.32,0xe978d0b8f705fa061e66134b896ecb486ebe6a8e,21,42,false,Fantom,Fuse Mainnet,2024-02-11 21:16:11.000,Gas.zip,Fantom,Fuse Mainnet,2024-04-14 16:44:30.000,Gas.zip
0x2ff71700117b6fb6ce90db2a0a777c362a711eba,28.98,0xbfdcabd0a13ee7d70eec2e722474f03dcb6b2daa,29,49,false,Fantom,Fuse Mainnet,2024-02-11 21:18:44.000,Gas.zip,Fantom,Fuse Mainnet,2024-04-15 19:41:17.000,Gas.zip
0xbfdcabd0a13ee7d70eec2e722474f03dcb6b2daa,39.51,0x2ff71700117b6fb6ce90db2a0a777c362a711eba,29,55,false,Fantom,Fuse Mainnet,2024-02-11 21:22:47.000,Gas.zip,Fantom,Fuse Mainnet,2024-04-15 05:11:20.000,Gas.zip
0x0000a49fc4235906ea2d0330dd957352309e8a09,22.92,0xdef7e13b7424ff7d32253d66b15834aefae78477,22,42,false,Fantom,Fuse Mainnet,2024-02-11 21:24:38.000,Gas.zip,Fantom,Fuse Mainnet,2024-04-15 14:20:29.000,Gas.zip
0x1632036d537427ac857b5394c56b20a97d29e078,35.77,0x20e2515c159a665051538509a19be336f36294ee,51,92,false,Fantom,Fuse Mainnet,2024-02-11 21:26:23.000,Gas.zip,Fantom,Fuse Mainnet,2024-04-15 05:51:34.000,Gas.zip
0x5022d3d4ddb182bec63d728cd12f5623a2eade56,69.54,0x9f06487a28a8b43831a8ba9b1b297bb7535e0462,32,75,false,Fantom,Fuse Mainnet,2024-02-11 21:28:56.000,Gas.zip,Fantom,Fuse Mainnet,2024-04-14 16:30:57.000,Gas.zip
0x169364e01febb2d105c750005cd0af9e577121f6,43.42,0x6488a30d8a6f35e7819cddb5d028bfad94fb056a,29,50,false,Fantom,Fuse Mainnet,2024-02-11 21:31:34.000,Gas.zip,Fantom,Fuse Mainnet,2024-04-14 19:27:36.000,Gas.zip
0xfab2e15e0a1929683fef84a1f02311ff8fe950ea,55.35,0xe6f1671886a564121abe159b90e83dafb770a611,41,60,false,Fantom,Fuse Mainnet,2024-02-11 21:34:14.000,Gas.zip,Fantom,Fuse Mainnet,2024-04-15 08:27:54.000,Gas.zip
0x16dd0d77b102576ea6153c3b7bdea4860dc65535,22.29,0xec24de0c15965edb17f7b931c6e0193971669141,34,96,false,Fantom,Fuse Mainnet,2024-02-11 21:36:04.000,Gas.zip,Fantom,Fuse Mainnet,2024-04-15 19:53:46.000,Gas.zip
0x6148d007eb084c8556a4a8e46a1e4d8a223e9a4e,52.78,0x3e59aecb91df69c6a634c7c2f48f837a427b6c55,36,81,false,Fantom,Fuse Mainnet,2024-02-11 21:39:14.000,Gas.zip,Fantom,Fuse Mainnet,2024-04-15 14:10:00.000,Gas.zip
0x0e66bcf921a7a8b741c686b592e2699c97da4cbc,88.24,0xcd838b7dff26b900a38c3fe5848748666cae48cf,25,75,false,Fantom,Fuse Mainnet,2024-02-11 21:45:15.000,Gas.zip,Fantom,Fuse Mainnet,2024-04-15 21:20:57.000,Gas.zip
0x5a97c7d4e194556f77e1c937c2c4a99dc67c438a,66.73,0x8443e5cb4de0d865905f29c88d448c8c23be447e,38,71,false,Fantom,Fuse Mainnet,2024-02-11 21:46:53.000,Gas.zip,Fantom,Fuse Mainnet,2024-04-15 08:05:39.000,Gas.zip
0x5c4cf650d09b0bb02d73d4afbcc3d1a0d86588b8,56.69,0x45740a85b453800779c6b6a764cfee776559ae76,37,62,false,Fantom,Fuse Mainnet,2024-02-11 21:48:18.000,Gas.zip,Fantom,Fuse Mainnet,2024-04-15 10:08:34.000,Gas.zip
0x7377e1d43eac5f18baf9d699a0c028cedfe1ca84,55.53,0x6148d007eb084c8556a4a8e46a1e4d8a223e9a4e,31,64,false,Fantom,Fuse Mainnet,2024-02-11 21:52:07.000,Gas.zip,Fantom,Fuse Mainnet,2024-04-15 08:36:45.000,Gas.zip
0x00045339fbf8665399aa25abe5104befffc5c0ea,57.78,0xf52af54ea22691a5068db22a19d67100e3c68b81,30,66,false,Fantom,Fuse Mainnet,2024-02-11 21:55:57.000,Gas.zip,Fantom,Fuse Mainnet,2024-04-14 22:06:06.000,Gas.zip
0x50d455f5ab804c27dee2d9b91e64c991c147e161,56.69,0x6e30b6751fffb03e124436d871bd4be0d447a4ab,41,79,false,Fantom,Fuse Mainnet,2024-02-11 21:59:11.000,Gas.zip,Fantom,Fuse Mainnet,2024-04-15 06:53:08.000,Gas.zip
0xc185eae36a85eec471c663ace21fd0953f9a4dc2,37.08,0x000094ede9addd3f990d23afcc85244f15a19802,39,77,false,Fantom,Fuse Mainnet,2024-02-11 22:01:42.000,Gas.zip,Fantom,Fuse Mainnet,2024-04-15 20:27:21.000,Gas.zip
0x86b7315fd979d46568195785811f8476c2217900,66.90,0xda041559c518c494b907aa56dcafe330bca9a2f6,26,68,false,Fantom,Fuse Mainnet,2024-02-11 22:05:08.000,Gas.zip,Fantom,Fuse Mainnet,2024-04-14 21:33:04.000,Gas.zip
0xd4e48d51afbe1c0144cb9abbc6795bf99b5d09ba,25.25,0x0267ff6e2ca6fcd70ec4518a618d8d7ac2e5e94b,38,80,false,Fantom,Fuse Mainnet,2024-02-11 22:06:39.000,Gas.zip,Fantom,Fuse Mainnet,2024-04-15 14:30:09.000,Gas.zip
0xe7e08a7ad9da0c4754f27e06f4cecce557ee3898,28.49,0xe978d0b8f705fa061e66134b896ecb486ebe6a8e,21,37,false,Fantom,Fuse Mainnet,2024-02-11 22:09:39.000,Gas.zip,Fantom,Fuse Mainnet,2024-04-15 12:18:25.000,Gas.zip
0x3e59aecb91df69c6a634c7c2f48f837a427b6c55,39.05,0x00001ba91ebe8a0581563c65965288b504c8cc53,40,85,false,Fantom,Fuse Mainnet,2024-02-11 22:11:40.000,Gas.zip,Fantom,Fuse Mainnet,2024-04-15 09:51:04.000,Gas.zip
0xf9208064aa8b11af023ac03a980b076089df1674,76.87,0xf3bc44554fd49bfc35df98f9c68d54a0fa355b49,34,58,false,Fantom,Fuse Mainnet,2024-02-11 22:34:29.000,Gas.zip,Fantom,Fuse Mainnet,2024-04-14 19:39:04.000,Gas.zip
0x5b7393d41a6c2f6d608d2dbfbfe921fa90628de1,26.09,0x72ad719a0dff7fbf2b50f821d1d716984c8759a4,21,39,false,Fantom,Fuse Mainnet,2024-02-11 22:36:22.000,Gas.zip,Fantom,Fuse Mainnet,2024-04-15 15:26:28.000,Gas.zip
0xca4d4b8b9304cd1a5b9414eeb60cd1af2b65dc89,88.77,0xf9208064aa8b11af023ac03a980b076089df1674,31,67,false,Fantom,Fuse Mainnet,2024-02-11 22:40:10.000,Gas.zip,Fantom,Fuse Mainnet,2024-04-15 16:16:44.000,Gas.zip
0xd28d4bf0ee16265fbacdc58a117bb9d163d8ef96,24.68,0xb5a9a643c041bc418c498d3acc194a006793ae13,21,52,false,Fantom,Fuse Mainnet,2024-02-11 22:41:38.000,Gas.zip,Fantom,Fuse Mainnet,2024-04-15 10:01:20.000,Gas.zip
0xd81f39c1def853ac5fc187875d33a495855903f7,55.35,0x66ec20adf9405f50d3d18a390573c03a7a5d8dd8,33,72,false,Fantom,Fuse Mainnet,2024-02-11 22:45:21.000,Gas.zip,Fantom,Fuse Mainnet,2024-04-15 05:32:25.000,Gas.zip
0x74d5154a57a7da2c6e2b9dc1e9aaee1f3812fbc8,62.85,0x92985b610248e4f3043958c90fc8194b42d6b5c5,42,67,false,Fantom,Fuse Mainnet,2024-02-11 22:47:00.000,Gas.zip,Fantom,Fuse Mainnet,2024-04-14 15:44:48.000,Gas.zip
0x9b7c02b6d63b138452b76a622bd477d36e03b66f,34.54,0xbfdcabd0a13ee7d70eec2e722474f03dcb6b2daa,25,40,false,Fantom,Fuse Mainnet,2024-02-11 22:50:27.000,Gas.zip,Fantom,Fuse Mainnet,2024-04-15 09:20:33.000,Gas.zip
0xc82a2fdef71fae931f914ef0725cead3d4585ff0,28.10,0x9e83bec7b4f69482164b38d62bcd93b75353a675,24,47,false,Fantom,Fuse Mainnet,2024-02-11 22:52:08.000,Gas.zip,Fantom,Fuse Mainnet,2024-04-15 14:17:20.000,Gas.zip
0xaf761102a0ecf21385902561b6d04169daa10b3a,45.18,0x7f590120861bc8553122be03d96372c4e492fa36,34,51,false,Fantom,Fuse Mainnet,2024-02-11 22:56:09.000,Gas.zip,Fantom,Fuse Mainnet,2024-04-15 15:54:48.000,Gas.zip
0x861ea9275025fc89216053dc0b67647a197c0b98,43.31,0x1367afe7a6019e6cddb3763c9c9f806e22fd6acb,37,50,false,Fantom,Fuse Mainnet,2024-02-11 22:58:55.000,Gas.zip,Fantom,Fuse Mainnet,2024-04-15 19:15:01.000,Gas.zip
0xa709cba7627604418672c8e37f0b5a1d94531397,33.17,0x3db19b4ac715b0e28bcceaaba23aa17b6ca48ccc,21,39,false,Fantom,Fuse Mainnet,2024-02-11 23:00:22.000,Gas.zip,Fantom,Fuse Mainnet,2024-04-15 00:53:55.000,Gas.zip
0xff78b4c19db4ebdf86dbda210943342bc0e2f45e,47.92,0xa122744ec774698692a9a3ecba7afb9ff4dcd2d0,27,58,false,Fantom,Fuse Mainnet,2024-02-11 23:02:17.000,Gas.zip,Fantom,Fuse Mainnet,2024-04-14 17:34:06.000,Gas.zip
0x20e2515c159a665051538509a19be336f36294ee,50.18,0x1632036d537427ac857b5394c56b20a97d29e078,51,100,false,Fantom,Fuse Mainnet,2024-02-11 23:04:35.000,Gas.zip,Fantom,Fuse Mainnet,2024-04-14 15:12:51.000,Gas.zip
0x8816d7b3ed932bab3c199c740f2c6fd90d62e51b,30.67,0x1dfd6ed4c42c530ed30062c847b9f80661e1180b,24,40,false,Fantom,Fuse Mainnet,2024-02-11 23:07:49.000,Gas.zip,Fantom,Fuse Mainnet,2024-04-15 09:36:09.000,Gas.zip
0x75f5f699e2f203a21d9989d5de73d378f63f6e4b,58.73,0x74d5154a57a7da2c6e2b9dc1e9aaee1f3812fbc8,33,61,false,Fantom,Fuse Mainnet,2024-02-11 23:09:26.000,Gas.zip,Fantom,Fuse Mainnet,2024-04-15 16:43:07.000,Gas.zip
0x8ec1b4e05e1cfe304f4a566e35c7dd4a9e6df9c1,67.57,0x000094ede9addd3f990d23afcc85244f15a19802,43,73,false,Fantom,Fuse Mainnet,2024-02-11 23:12:56.000,Gas.zip,Fantom,Fuse Mainnet,2024-04-14 18:14:36.000,Gas.zip
0x6c1e0951db3ed38783c8293ef100c6ce1d4a4f42,40.85,0x4e55ae1606c03342bda5b8384eaa89e1c8833c4d,25,57,false,Fantom,Fuse Mainnet,2024-02-11 23:16:54.000,Gas.zip,Fantom,Fuse Mainnet,2024-04-15 13:09:30.000,Gas.zip
0x72dc43465abd85d6e08b1825f96748220d5e66d7,67.32,0xe6f1671886a564121abe159b90e83dafb770a611,31,67,false,Fantom,Fuse Mainnet,2024-02-11 23:19:27.000,Gas.zip,Fantom,Fuse Mainnet,2024-04-15 12:52:53.000,Gas.zip
0x39d53d72b2e2a5c49dc8781d552c0225090d7098,49.65,0x67cd1dd7bda96db70e953a10a3fb2a0f7cc3ef74,35,60,false,Fantom,Fuse Mainnet,2024-02-11 23:20:50.000,Gas.zip,Fantom,Fuse Mainnet,2024-04-14 18:07:15.000,Gas.zip
0x8cf2ebaca758c9a4dfe98b5ab9b06772c50947cd,45.63,0x3626a6a16a8f360a0319dcb22266303ce4248340,29,58,false,Fantom,Fuse Mainnet,2024-02-11 23:23:34.000,Gas.zip,Fantom,Fuse Mainnet,2024-04-15 10:57:16.000,Gas.zip
0x2ad0b17576b1cecf63622a645a091a787652ae17,52.64,0x00003bbc9f49f73107f92521f3917b2cc6dc428c,46,71,false,Fantom,Fuse Mainnet,2024-02-11 23:26:15.000,Gas.zip,Fantom,Fuse Mainnet,2024-04-14 18:31:48.000,Gas.zip
0xfc5598f48d1cfa1e30169630b30e2d8abd2e57d3,41.09,0x1be25319107be5b1969c381f8e50f9f992cca757,27,57,false,Fantom,Fuse Mainnet,2024-02-11 23:28:13.000,Gas.zip,Fantom,Fuse Mainnet,2024-04-14 19:43:21.000,Gas.zip
0xc7f2dce7cf670e648f924cefa36e14be1232997e,80.77,0x000068f4ac1c7763c8af0d6c47901c8f07d2c4fc,35,63,false,Fantom,Fuse Mainnet,2024-02-11 23:31:39.000,Gas.zip,Fantom,Fuse Mainnet,2024-04-15 07:44:28.000,Gas.zip
0x86144e5015e1fc8137cc71f8973f5b32ac884c9b,25.49,0xffa2f768c5bdce6ae06f8641632e3c62f3e8c648,19,40,false,Fantom,Fuse Mainnet,2024-02-11 23:34:01.000,Gas.zip,Fantom,Fuse Mainnet,2024-04-14 22:59:32.000,Gas.zip
0xb5a9a643c041bc418c498d3acc194a006793ae13,40.18,0x1a5e45ea6200d3a5b80f75e3226f0b2a6cd9162a,25,52,false,Fantom,Fuse Mainnet,2024-02-11 23:37:02.000,Gas.zip,Fantom,Fuse Mainnet,2024-04-15 17:35:20.000,Gas.zip
0xe3513453cfcbcb09c3ac0ca5c64613065c9751b5,21.94,0x4872b79dd776ec3366eff96682b1e06a182e951c,14,47,false,Fantom,Fuse Mainnet,2024-02-11 23:40:24.000,Gas.zip,Fantom,Fuse Mainnet,2024-04-15 02:46:27.000,Gas.zip
0x83d4ede9f300216a4797d1ecc7f4c429b5534b37,32.64,0x00008500fffdac833f8966645d0327d9d1a77bac,22,47,false,Fantom,Fuse Mainnet,2024-02-11 23:44:23.000,Gas.zip,Fantom,Fuse Mainnet,2024-04-15 00:45:01.000,Gas.zip
0x45740a85b453800779c6b6a764cfee776559ae76,63.56,0x5c4cf650d09b0bb02d73d4afbcc3d1a0d86588b8,37,64,false,Fantom,Fuse Mainnet,2024-02-11 23:46:17.000,Gas.zip,Fantom,Fuse Mainnet,2024-04-15 02:27:51.000,Gas.zip
0x6902d4c96e646c3bf22d53e99274040eddd319fa,23.59,0xaddc7f02eff1f9393e8f689219b68ef9dc0b7db7,46,82,false,Fantom,Fuse Mainnet,2024-02-11 23:47:52.000,Gas.zip,Fantom,Fuse Mainnet,2024-04-14 17:24:53.000,Gas.zip
0x6e30b6751fffb03e124436d871bd4be0d447a4ab,57.57,0x50d455f5ab804c27dee2d9b91e64c991c147e161,41,76,false,Fantom,Fuse Mainnet,2024-02-11 23:49:31.000,Gas.zip,Fantom,Fuse Mainnet,2024-04-14 15:32:19.000,Gas.zip
0x4ba85d2705a442288ef082d8b526265334c0722c,48.94,0xfab2e15e0a1929683fef84a1f02311ff8fe950ea,29,57,false,Fantom,Fuse Mainnet,2024-02-11 23:59:09.000,Gas.zip,Fantom,Fuse Mainnet,2024-04-14 15:20:57.000,Gas.zip
0x1ed3acfb21b0a7ae9848e847597057c6356f0e08,59.23,0x6e30b6751fffb03e124436d871bd4be0d447a4ab,31,65,false,Fantom,Fuse Mainnet,2024-02-12 00:13:05.000,Gas.zip,Fantom,Fuse Mainnet,2024-04-15 02:50:35.000,Gas.zip
0x378e3d3ece6017d94232ce4165c0faadf7a158a8,33.03,0x00006e6204b89348368ca96e453adfc2bcd4929d,35,56,false,Fantom,Fuse Mainnet,2024-02-12 00:29:51.000,Gas.zip,Fantom,Fuse Mainnet,2024-04-15 03:38:50.000,Gas.zip
0x310f08ff3f52d1f6f5f195a9f04e494179fbcba8,32.39,0x00008a461f64c03398845ba938301fbab3ebeb78,39,75,false,Fantom,Fuse Mainnet,2024-02-12 00:48:17.000,Gas.zip,Fantom,Fuse Mainnet,2024-04-15 21:00:13.000,Gas.zip
0xd7961d41a9f8a5e364e0aeb76c616b89ae5156f7,31.27,0x8443e5cb4de0d865905f29c88d448c8c23be447e,44,86,false,Fantom,Fuse Mainnet,2024-02-12 00:49:56.000,Gas.zip,Fantom,Fuse Mainnet,2024-04-15 20:23:10.000,Gas.zip
0x5fea9f25cadd1e1979571bae8186019ae16bfa56,80.42,0xfcf9d944292799bc0bc84735889dfe4da48fd21a,37,64,false,Fantom,Fuse Mainnet,2024-02-12 00:53:47.000,Gas.zip,Fantom,Fuse Mainnet,2024-04-15 19:56:48.000,Gas.zip
0x3626a6a16a8f360a0319dcb22266303ce4248340,45.67,0x8cf2ebaca758c9a4dfe98b5ab9b06772c50947cd,29,55,false,Fantom,Fuse Mainnet,2024-02-12 00:55:24.000,Gas.zip,Fantom,Fuse Mainnet,2024-04-15 07:40:02.000,Gas.zip
0xd9602d516bb8f5542aa5990e9e424e73387fa0af,42.15,0x0cb621b602001061f65f17cadd1e4535f875969b,31,53,false,Fantom,Fuse Mainnet,2024-02-12 00:59:02.000,Gas.zip,Fantom,Fuse Mainnet,2024-04-14 18:26:37.000,Gas.zip
0x1a5e45ea6200d3a5b80f75e3226f0b2a6cd9162a,29.96,0xb5a9a643c041bc418c498d3acc194a006793ae13,25,44,false,Fantom,Fuse Mainnet,2024-02-12 01:00:39.000,Gas.zip,Fantom,Fuse Mainnet,2024-04-14 23:41:15.000,Gas.zip
0x4872b79dd776ec3366eff96682b1e06a182e951c,24.58,0x1ef3f7329cbb5fce796a8c80128c8ae7fd389806,27,41,false,Fantom,Fuse Mainnet,2024-02-12 01:09:41.000,Gas.zip,Fantom,Fuse Mainnet,2024-04-15 14:13:15.000,Gas.zip
0xf5e6c0ec6a4367e36226dd1f47068e159f2c0f0e,42.22,0x56a0c797a66dc97d9775864db57974ffd4107ebf,31,58,false,Fantom,Fuse Mainnet,2024-02-12 01:13:02.000,Gas.zip,Fantom,Fuse Mainnet,2024-04-14 20:38:02.000,Gas.zip
0x1b2ae63a759823adc9e6f054244a53e5d74d5345,51.41,0xaddc7f02eff1f9393e8f689219b68ef9dc0b7db7,45,65,false,Fantom,Fuse Mainnet,2024-02-12 01:15:45.000,Gas.zip,Fantom,Fuse Mainnet,2024-04-15 06:48:48.000,Gas.zip
0x5b859b9e19252b96ff9c463d7b9b3f3d1fb0430c,37.43,0x138defce91d0cae520902306f6a85dcea58678ad,31,59,false,Fantom,Fuse Mainnet,2024-02-12 01:20:47.000,Gas.zip,Fantom,Fuse Mainnet,2024-04-15 07:36:50.000,Gas.zip
0xe978d0b8f705fa061e66134b896ecb486ebe6a8e,29.23,0x2c355af05a4714c46aba77d173518ad7a40d93b7,22,41,false,Fantom,Fuse Mainnet,2024-02-12 01:24:34.000,Gas.zip,Fantom,Fuse Mainnet,2024-04-14 15:41:37.000,Gas.zip
0xdb4f223d6029fa6af68185f5ce20e776021f3bf1,34.82,0x3ee453390e7529d771b4edaf1f3fadc07b82461b,28,52,false,Fantom,Fuse Mainnet,2024-02-12 01:26:21.000,Gas.zip,Fantom,Fuse Mainnet,2024-04-15 15:35:08.000,Gas.zip
0xbb660f9d6407568b95f9f9df0ad847409d8bb371,26.80,0xab1616b537bb2affdafd889da44a86438f9918bf,30,56,false,Fantom,Fuse Mainnet,2024-02-12 01:28:43.000,Gas.zip,Fantom,Fuse Mainnet,2024-04-15 11:49:28.000,Gas.zip
0x0000df5e238888c4bcb8c52fd81f67e804992735,84.65,0xbb8b88288c8144322b4d134626ae84aa7de1b784,31,72,false,Fantom,Fuse Mainnet,2024-02-12 01:31:23.000,Gas.zip,Fantom,Fuse Mainnet,2024-04-15 16:04:20.000,Gas.zip
0xaf9df5c144bae5230e0ec6288bc927b43ea6fae7,29.08,0xbfdcabd0a13ee7d70eec2e722474f03dcb6b2daa,27,54,false,Fantom,Fuse Mainnet,2024-02-12 01:34:07.000,Gas.zip,Fantom,Fuse Mainnet,2024-04-15 20:55:26.000,Gas.zip
0x764f5fa7657d721d0ef35e796f23b7bc05579a87,47.04,0xd8a90d49a925912210dc3211291453a7f2001017,38,56,false,Fantom,Fuse Mainnet,2024-02-12 01:35:51.000,Gas.zip,Fantom,Fuse Mainnet,2024-04-15 19:35:20.000,Gas.zip
0x311fb4f6963316aefac887dfa8a7c47d39c38142,51.37,0xc730d296ed98d832821ff48743704b5bc54e1fb1,33,60,false,Fantom,Fuse Mainnet,2024-02-12 01:38:37.000,Gas.zip,Fantom,Fuse Mainnet,2024-04-15 19:11:42.000,Gas.zip
0xe9b0a2a0a9dcaadbb82b66eb058357c3c05b8b36,33.66,0x8fd56b70f05f60c7e3861cc9e21e69760a803fdb,25,40,false,Fantom,Fuse Mainnet,2024-02-12 01:40:40.000,Gas.zip,Fantom,Fuse Mainnet,2024-04-15 17:43:23.000,Gas.zip
0x3e7564508c47054787e8dd9ac45ee8ed15056b42,66.41,0x90cf9afdbc3dd7b03c094f251da1b1f31502b74d,41,79,false,Fantom,Fuse Mainnet,2024-02-12 01:43:39.000,Gas.zip,Fantom,Fuse Mainnet,2024-04-15 17:29:07.000,Gas.zip
0x4e55ae1606c03342bda5b8384eaa89e1c8833c4d,43.52,0x6c1e0951db3ed38783c8293ef100c6ce1d4a4f42,25,54,false,Fantom,Fuse Mainnet,2024-02-12 01:46:30.000,Gas.zip,Fantom,Fuse Mainnet,2024-04-15 18:54:46.000,Gas.zip
0x78557436e367f412864cd32486ba1758b025b043,28.73,0xb65dd7b5e0b0c7ddeeae32c2e00dc9e1603a240c,24,50,false,Fantom,Fuse Mainnet,2024-02-12 01:49:40.000,Gas.zip,Fantom,Fuse Mainnet,2024-04-15 03:12:25.000,Gas.zip
0xb838a2a077f875c776b74f1cbc9a16adcf8aca97,26.83,0x72ad719a0dff7fbf2b50f821d1d716984c8759a4,18,42,false,Fantom,Fuse Mainnet,2024-02-12 01:52:36.000,Gas.zip,Fantom,Fuse Mainnet,2024-04-14 15:29:15.000,Gas.zip
0x8ea121e2ef3ab81af633b639613dc2975aeac804,40.28,0x1e1017c11ef506e3da405ec11c0e50ddf02577a1,32,62,false,Fantom,Fuse Mainnet,2024-02-12 01:55:50.000,Gas.zip,Fantom,Fuse Mainnet,2024-04-15 20:32:37.000,Gas.zip
0x98d7b756a8e7507c791be72308a40e86e56b1317,53.66,0x9f06487a28a8b43831a8ba9b1b297bb7535e0462,38,57,false,Fantom,Fuse Mainnet,2024-02-12 01:59:25.000,Gas.zip,Fantom,Fuse Mainnet,2024-04-15 17:22:43.000,Gas.zip
0x0000089a8cf24a8da12648c5d2bf89540d7e4288,28.84,0x1e1017c11ef506e3da405ec11c0e50ddf02577a1,50,83,false,Fantom,Fuse Mainnet,2024-02-12 02:01:12.000,Gas.zip,Fantom,Fuse Mainnet,2024-04-15 05:35:24.000,Gas.zip
0xacbbef553c0d2308c265728418855d035426ee0e,36.55,0x899c4766f611d4ede035c9fa6029101bed673599,30,56,false,Fantom,Fuse Mainnet,2024-02-12 02:03:03.000,Gas.zip,Fantom,Fuse Mainnet,2024-04-14 15:00:37.000,Gas.zip
0xb3343361c50d003965a6de375103450a7e71fa3c,46.83,0xbff9f50cb66d14c401a24d06782db73c8ddb5a68,40,56,false,Fantom,Fuse Mainnet,2024-02-12 02:05:46.000,Gas.zip,Fantom,Fuse Mainnet,2024-04-15 18:03:06.000,Gas.zip
0x45b8c315b606f7600417fc771512eafcb7e77b03,84.26,0x5fea9f25cadd1e1979571bae8186019ae16bfa56,36,63,false,Fantom,Fuse Mainnet,2024-02-12 02:07:11.000,Gas.zip,Fantom,Fuse Mainnet,2024-04-14 23:09:00.000,Gas.zip
0x187427c46507314192b7008e8f3b5328a615ecbe,24.05,0x000095eecd54ed3e8a52f4f4ce1c0994d9885eeb,21,41,false,Fantom,Fuse Mainnet,2024-02-12 02:09:42.000,Gas.zip,Fantom,Fuse Mainnet,2024-04-14 23:12:11.000,Gas.zip
0x72ad719a0dff7fbf2b50f821d1d716984c8759a4,31.76,0x5b7393d41a6c2f6d608d2dbfbfe921fa90628de1,21,43,false,Fantom,Fuse Mainnet,2024-02-12 02:13:11.000,Gas.zip,Fantom,Fuse Mainnet,2024-04-14 17:10:19.000,Gas.zip
0xe742cf94de63a007d21648b16ed1ca671ea19826,53.31,0xf57993342e62ce306d78b65cace83d466186e5de,26,57,false,Fantom,Fuse Mainnet,2024-02-12 02:16:57.000,Gas.zip,Fantom,Fuse Mainnet,2024-04-14 17:00:07.000,Gas.zip
0x000094ede9addd3f990d23afcc85244f15a19802,56.51,0x8ec1b4e05e1cfe304f4a566e35c7dd4a9e6df9c1,43,78,false,Fantom,Fuse Mainnet,2024-02-12 02:18:30.000,Gas.zip,Fantom,Fuse Mainnet,2024-04-14 22:09:17.000,Gas.zip
0xbff9f50cb66d14c401a24d06782db73c8ddb5a68,45.39,0xb3343361c50d003965a6de375103450a7e71fa3c,40,55,false,Fantom,Fuse Mainnet,2024-02-12 02:21:15.000,Gas.zip,Fantom,Fuse Mainnet,2024-04-15 04:21:48.000,Gas.zip
0xc4dafa6102b8f3b8770166844c797af4aecc9a73,33.06,0x9d10a0f489105f7181fb8054c58490c7a09cc151,18,40,false,Fantom,Fuse Mainnet,2024-02-12 02:23:01.000,Gas.zip,Fantom,Fuse Mainnet,2024-04-14 22:52:07.000,Gas.zip
0xbdeeaa2b9f5553d4e66e1b90de560985f8fc790b,46.65,0xb89bebdf91dcda7e152d179ac39f883940347307,28,55,false,Fantom,Fuse Mainnet,2024-02-12 02:30:39.000,Gas.zip,Fantom,Fuse Mainnet,2024-04-14 15:26:05.000,Gas.zip
0x7d848261d312d43174e3997a9595ae0b536fd007,37.22,0x0267ff6e2ca6fcd70ec4518a618d8d7ac2e5e94b,38,83,false,Fantom,Fuse Mainnet,2024-02-12 02:32:32.000,Gas.zip,Fantom,Fuse Mainnet,2024-04-15 06:26:35.000,Gas.zip
0x3f4f4d6834da890b9d25ce3835bc2123c1617d8d,30.00,0x00007ca40535ec869c3e2c0cee3fb6feb39ef0d2,30,54,false,Fantom,Fuse Mainnet,2024-02-12 02:36:29.000,Gas.zip,Fantom,Fuse Mainnet,2024-04-14 17:16:31.000,Gas.zip
0x006223b9c263014a6afd5d47d2728d22a8df84bf,47.04,0x52e1cf346148bebca6071233a371d92759af4fd2,27,58,false,Fantom,Fuse Mainnet,2024-02-12 02:38:59.000,Gas.zip,Fantom,Fuse Mainnet,2024-04-14 22:48:00.000,Gas.zip
0x0dbe5890a645bb81394fa82360b20a773dd5fea6,60.99,0x96927483d8321194485f1f408c14d5c38a893381,40,63,false,Fantom,Fuse Mainnet,2024-02-12 02:41:18.000,Gas.zip,Fantom,Fuse Mainnet,2024-04-15 18:38:54.000,Gas.zip
0x2a73bc2b6d108287e53a6c17c4a60bac7d8326c0,33.80,0x816fa43b31d457d8e9cc02bc52c826b5816c912c,25,45,false,Fantom,Fuse Mainnet,2024-02-12 02:43:48.000,Gas.zip,Fantom,Fuse Mainnet,2024-04-15 12:25:37.000,Gas.zip
0x9d41efa7bb4573911cef94a5a67222d58bef3cc3,40.70,0xec24de0c15965edb17f7b931c6e0193971669141,58,95,false,Fantom,Fuse Mainnet,2024-02-12 02:48:19.000,Gas.zip,Fantom,Fuse Mainnet,2024-04-15 18:13:25.000,Gas.zip
0x94472cb05c2157993964fc3db3fab375cff461c4,31.09,0x0000089a8cf24a8da12648c5d2bf89540d7e4288,49,81,false,Fantom,Fuse Mainnet,2024-02-12 02:53:26.000,Gas.zip,Fantom,Fuse Mainnet,2024-04-14 21:49:34.000,Gas.zip
0xd4af71d55eaf9ff26c9c9a1ef1cd548dd56490e5,32.25,0xf2a831d8e42824150fb282fedb36dd60d5020ecc,39,56,false,Fantom,Fuse Mainnet,2024-02-12 02:56:51.000,Gas.zip,Fantom,Fuse Mainnet,2024-04-15 17:52:31.000,Gas.zip
0x0000e99e6510215de44578efa4235e3937a48e75,28.13,0xab1616b537bb2affdafd889da44a86438f9918bf,32,52,false,Fantom,Fuse Mainnet,2024-02-12 02:58:35.000,Gas.zip,Fantom,Fuse Mainnet,2024-04-15 14:56:37.000,Gas.zip
0x0375010372f8fbbdc7699e237ae68cb243ba4be6,26.48,0x0cbfdbb70e9562963c537434359257161e744807,26,45,false,Fantom,Fuse Mainnet,2024-02-12 03:02:18.000,Gas.zip,Fantom,Fuse Mainnet,2024-04-15 14:23:36.000,Gas.zip
0x3874f7a619b2da3f5ae298e566195a7f6b24d20a,35.32,0xd67bcbe419e7eccad20b7d6f48b3b8fac13f57e7,27,48,false,Fantom,Fuse Mainnet,2024-02-12 03:03:51.000,Gas.zip,Fantom,Fuse Mainnet,2024-04-15 08:09:53.000,Gas.zip
0x1e1017c11ef506e3da405ec11c0e50ddf02577a1,16.48,0x0000089a8cf24a8da12648c5d2bf89540d7e4288,50,78,false,Fantom,Fuse Mainnet,2024-02-12 03:08:14.000,Gas.zip,Fantom,Fuse Mainnet,2024-04-15 01:05:33.000,Gas.zip
0xb04f9644b2532d12bef26826213a15d797e68531,46.65,0x10b31ca48b12be55890a0749bda72dbf08ad7dfe,28,56,false,Fantom,Fuse Mainnet,2024-02-12 03:10:00.000,Gas.zip,Fantom,Fuse Mainnet,2024-04-14 22:18:03.000,Gas.zip
0x2c355af05a4714c46aba77d173518ad7a40d93b7,30.35,0xe978d0b8f705fa061e66134b896ecb486ebe6a8e,22,37,false,Fantom,Fuse Mainnet,2024-02-12 03:11:43.000,Gas.zip,Fantom,Fuse Mainnet,2024-04-14 20:46:17.000,Gas.zip
0x00003da18fe172c423fab15f33fc4873a5a6f543,8.52,0x7b39cdfda32b98cc06e13d83c0503c26d8deae1d,44,78,false,Fantom,Fuse Mainnet,2024-02-12 03:13:20.000,Gas.zip,Fantom,Fuse Mainnet,2024-04-15 11:40:14.000,Gas.zip
0x67cd1dd7bda96db70e953a10a3fb2a0f7cc3ef74,54.01,0x39d53d72b2e2a5c49dc8781d552c0225090d7098,35,61,false,Fantom,Fuse Mainnet,2024-02-12 03:16:50.000,Gas.zip,Fantom,Fuse Mainnet,2024-04-14 16:04:01.000,Gas.zip
0x00003b133510b80d913f251fee582258a60cfc69,44.08,0x237adff65bd898e9f72de00a001e96eed69bdb16,31,57,false,Fantom,Fuse Mainnet,2024-02-12 03:20:20.000,Gas.zip,Fantom,Fuse Mainnet,2024-04-15 11:04:32.000,Gas.zip
0x961d59cc2fc80b6ced8e72e52b964809a9fd1571,55.60,0x96927483d8321194485f1f408c14d5c38a893381,41,61,false,Fantom,Fuse Mainnet,2024-02-12 03:25:37.000,Gas.zip,Fantom,Fuse Mainnet,2024-04-14 17:19:46.000,Gas.zip
0x9fbe2681f875b39f65df90b145419d61244bd555,53.52,0x0b3eafb327a983ddc720801a66b62ca6263ae462,26,49,false,Fantom,Fuse Mainnet,2024-02-12 03:29:11.000,Gas.zip,Fantom,Fuse Mainnet,2024-04-14 21:10:15.000,Gas.zip
0x816fa43b31d457d8e9cc02bc52c826b5816c912c,26.65,0x2a73bc2b6d108287e53a6c17c4a60bac7d8326c0,25,44,false,Fantom,Fuse Mainnet,2024-02-12 03:32:14.000,Gas.zip,Fantom,Fuse Mainnet,2024-04-15 21:40:18.000,Gas.zip
0x0b3eafb327a983ddc720801a66b62ca6263ae462,71.06,0x9fbe2681f875b39f65df90b145419d61244bd555,26,66,false,Fantom,Fuse Mainnet,2024-02-12 03:34:18.000,Gas.zip,Fantom,Fuse Mainnet,2024-04-14 19:24:37.000,Gas.zip
0x3035df5ac3e40cbf1461ef3798d2296d56f4d3fb,45.25,0x5d0571a053dc4bc2838b7c0a8172cecca75ed661,30,54,false,Fantom,Fuse Mainnet,2024-02-12 03:37:36.000,Gas.zip,Fantom,Fuse Mainnet,2024-04-15 17:00:12.000,Gas.zip
0xb578990de6d14efb6822a9fe6eedad744765b3c4,54.75,0x47960b8a625a0170e1f8e42a8c73a4ec2d6bf97c,41,78,false,Fantom,Fuse Mainnet,2024-02-12 03:40:07.000,Gas.zip,Fantom,Fuse Mainnet,2024-04-14 17:03:03.000,Gas.zip
0x4cd348470ba83f6d569c8d88a49e67be9efb25d6,31.55,0xd13376d567def13b26cf18ac520c8e2747e17c48,23,37,false,Fantom,Fuse Mainnet,2024-02-12 03:44:23.000,Gas.zip,Fantom,Fuse Mainnet,2024-04-15 04:44:57.000,Gas.zip
0x43d428ec61a5cfdde5513a7a4261ffd163e59e43,63.87,0x96927483d8321194485f1f408c14d5c38a893381,32,65,false,Fantom,Fuse Mainnet,2024-02-12 03:46:59.000,Gas.zip,Fantom,Fuse Mainnet,2024-04-14 23:49:09.000,Gas.zip
0x67d7c32acae5662744e1fecd6ac58aad9ede29a1,80.63,0x97bced3bf851887a61eb83f7accad88483f80d3d,29,61,false,Fantom,Fuse Mainnet,2024-02-12 03:49:11.000,Gas.zip,Fantom,Fuse Mainnet,2024-04-14 18:01:04.000,Gas.zip
0x908ed159796f2136fa4db12324714d106e0508f3,65.70,0xa363f2603083769fecaf998cf209ab74a069a497,31,63,false,Fantom,Fuse Mainnet,2024-02-12 03:50:46.000,Gas.zip,Fantom,Fuse Mainnet,2024-04-15 02:16:40.000,Gas.zip
0x57d4302751d8217821b0b3d937e760207f3b879f,38.91,0x78557436e367f412864cd32486ba1758b025b043,23,48,false,Fantom,Fuse Mainnet,2024-02-12 03:52:46.000,Gas.zip,Fantom,Fuse Mainnet,2024-04-14 21:40:11.000,Gas.zip
0x8b2f5af68b5116d3417475729a6e25cc56ad1e6b,47.46,0x5d0571a053dc4bc2838b7c0a8172cecca75ed661,33,55,false,Fantom,Fuse Mainnet,2024-02-12 03:54:35.000,Gas.zip,Fantom,Fuse Mainnet,2024-04-15 04:49:56.000,Gas.zip
0x2545d464f9111e88278abdbcd632d8199739952c,48.38,0xc7b75c29193f9bc82ac2c96714d8425b76e40a4a,38,55,false,Fantom,Fuse Mainnet,2024-02-12 03:56:29.000,Gas.zip,Fantom,Fuse Mainnet,2024-04-15 03:09:04.000,Gas.zip
0x43505d412d2b2853f39905c89f17eda1d61807e3,49.37,0xb04c7b0d7a3fc2620cf768129b762a38557703bc,32,61,false,Fantom,Fuse Mainnet,2024-02-12 04:02:59.000,Gas.zip,Fantom,Fuse Mainnet,2024-04-15 01:24:50.000,Gas.zip
0x78d0a71a6dadb10a06ba6c4349edcfc8be290db6,55.67,0x3b1e29853ef1ed4417e5dd219a47f60166768c59,40,79,false,Fantom,Fuse Mainnet,2024-02-12 04:05:56.000,Gas.zip,Fantom,Fuse Mainnet,2024-04-15 18:48:07.000,Gas.zip
0xe16348a1c1dfa72d91b1e07a4c19337b9b198c55,62.08,0xe6f1671886a564121abe159b90e83dafb770a611,34,63,false,Fantom,Fuse Mainnet,2024-02-12 04:08:30.000,Gas.zip,Fantom,Fuse Mainnet,2024-04-14 15:05:56.000,Gas.zip
0xb65dd7b5e0b0c7ddeeae32c2e00dc9e1603a240c,31.34,0x78557436e367f412864cd32486ba1758b025b043,24,49,false,Fantom,Fuse Mainnet,2024-02-12 04:09:55.000,Gas.zip,Fantom,Fuse Mainnet,2024-04-15 19:38:13.000,Gas.zip
0x27c9e8886b327eae168513b2800f8bf3e4ce439d,41.27,0x000003398fef59d12167ceed0cee73d67a013429,28,51,false,Fantom,Fuse Mainnet,2024-02-12 04:11:41.000,Gas.zip,Fantom,Fuse Mainnet,2024-04-15 00:26:24.000,Gas.zip
0xd7e7f023c07cd408169800aae40eafca207d3e4e,60.04,0x98d7b756a8e7507c791be72308a40e86e56b1317,29,65,false,Fantom,Fuse Mainnet,2024-02-12 04:13:36.000,Gas.zip,Fantom,Fuse Mainnet,2024-04-14 20:09:47.000,Gas.zip
0xe3c63d809953c3a8ab3182b6f054b5215eea04d5,30.56,0x2ff71700117b6fb6ce90db2a0a777c362a711eba,24,51,false,Fantom,Fuse Mainnet,2024-02-12 04:15:32.000,Gas.zip,Fantom,Fuse Mainnet,2024-04-15 08:48:10.000,Gas.zip
0x460a71a6c58923a6c3ead5b5e73768409b5ad0e8,34.75,0xfe66dfb0f051d51a91a108d3c4277c68117c1cab,29,53,false,Fantom,Fuse Mainnet,2024-02-12 04:16:56.000,Gas.zip,Fantom,Fuse Mainnet,2024-04-15 07:04:33.000,Gas.zip
0x2bc8c6d6c9a5a2c9b73ddeeb5aa93af89845ac12,56.02,0x0e09f84159543763b7235d04fb072e76734767be,34,67,false,Fantom,Fuse Mainnet,2024-02-12 04:20:24.000,Gas.zip,Fantom,Fuse Mainnet,2024-04-15 15:14:11.000,Gas.zip
0x54af703fa13ae5dd98b5a70b8e8edc3c2eae3ea1,22.92,0x78557436e367f412864cd32486ba1758b025b043,16,42,false,Fantom,Fuse Mainnet,2024-02-12 04:24:12.000,Gas.zip,Fantom,Fuse Mainnet,2024-04-15 18:30:46.000,Gas.zip
0x2940989abb4fff468098af994e60c67751d02d34,43.03,0xd67bcbe419e7eccad20b7d6f48b3b8fac13f57e7,28,57,false,Fantom,Fuse Mainnet,2024-02-12 04:28:24.000,Gas.zip,Fantom,Fuse Mainnet,2024-04-15 15:59:09.000,Gas.zip
0x000014fd94ce58eb233377aa4ac4562ce4b524fe,50.00,0x0000c828fe55856ffd72ca5572654eb23403a6ac,35,61,false,Fantom,Fuse Mainnet,2024-02-12 04:31:57.000,Gas.zip,Fantom,Fuse Mainnet,2024-04-15 13:04:09.000,Gas.zip
0x3d33135e5566950d737d0ee2afda42fbd2c91f97,63.17,0xa940a4265faef1b9b44438657c63372d6da0afda,31,70,false,Fantom,Fuse Mainnet,2024-02-12 04:33:52.000,Gas.zip,Fantom,Fuse Mainnet,2024-04-15 05:57:19.000,Gas.zip
0xe6a356daf05ccf556ccd4de66936a9ccfeaf69d6,64.37,0xa344c7cafcddeedfce1c0e8c7e4d7da8ef584044,41,69,false,Fantom,Fuse Mainnet,2024-02-12 04:37:27.000,Gas.zip,Fantom,Fuse Mainnet,2024-04-15 17:25:51.000,Gas.zip
0xf0ce5ef54a189dde8725847588f3696afa97bce0,40.63,0x5d0571a053dc4bc2838b7c0a8172cecca75ed661,31,56,false,Fantom,Fuse Mainnet,2024-02-12 04:40:25.000,Gas.zip,Fantom,Fuse Mainnet,2024-04-15 21:11:38.000,Gas.zip
0xd7ccecb489b9f96ee1ef91727d3936294a327e94,43.52,0xdb8c3232b8a47773cbe7e7e405e271cf64fafcbf,30,52,false,Fantom,Fuse Mainnet,2024-02-12 04:42:25.000,Gas.zip,Fantom,Fuse Mainnet,2024-04-15 06:23:28.000,Gas.zip
0xaddc7f02eff1f9393e8f689219b68ef9dc0b7db7,23.59,0x6902d4c96e646c3bf22d53e99274040eddd319fa,46,83,false,Fantom,Fuse Mainnet,2024-02-12 04:44:56.000,Gas.zip,Fantom,Fuse Mainnet,2024-04-14 17:13:13.000,Gas.zip
0x8ad439fdd2f0153713bc38ab374894ecf086dd77,81.62,0x7c349e22cb4356bd4f85cef3284b881e1d76fa7e,39,70,false,Fantom,Fuse Mainnet,2024-02-12 04:46:29.000,Gas.zip,Fantom,Fuse Mainnet,2024-04-15 11:27:05.000,Gas.zip
0x0000f7220527597991942900f4c0ba1845998fdc,25.95,0x0000089a8cf24a8da12648c5d2bf89540d7e4288,20,38,false,Fantom,Fuse Mainnet,2024-02-12 04:48:14.000,Gas.zip,Fantom,Fuse Mainnet,2024-04-14 22:40:44.000,Gas.zip
0x7a226a2c78ba181f5179e7c01b718f82a219cd11,39.93,0xfa58b9ff3a0339089250a64c42b6f96e8b72cc67,32,48,false,Fantom,Fuse Mainnet,2024-02-12 04:50:10.000,Gas.zip,Fantom,Fuse Mainnet,2024-04-14 21:21:43.000,Gas.zip
0x000001eb796a0b55466fdc2fcf244e43d480e3c6,51.27,0x0000f509129b25635487ae02b74c651d27638d9e,23,61,false,Fantom,Fuse Mainnet,2024-02-12 04:53:15.000,Gas.zip,Fantom,Fuse Mainnet,2024-04-14 22:43:56.000,Gas.zip
0x000068f4ac1c7763c8af0d6c47901c8f07d2c4fc,85.46,0xc7f2dce7cf670e648f924cefa36e14be1232997e,35,63,false,Fantom,Fuse Mainnet,2024-02-12 04:55:04.000,Gas.zip,Fantom,Fuse Mainnet,2024-04-15 10:04:20.000,Gas.zip
0xb04c7b0d7a3fc2620cf768129b762a38557703bc,51.16,0x1ecbde0e39479a913ec25362c22f6725be561bea,37,58,false,Fantom,Fuse Mainnet,2024-02-12 04:56:38.000,Gas.zip,Fantom,Fuse Mainnet,2024-04-15 15:30:46.000,Gas.zip
0x7c96101bcc7bf20ef9c37872e1a0f3c4f300fc66,61.94,0xc1ef3a2b9b67cba9499228919196c8ced3f66208,30,63,false,Fantom,Fuse Mainnet,2024-02-12 04:58:14.000,Gas.zip,Fantom,Fuse Mainnet,2024-04-14 17:45:20.000,Gas.zip
0x07b8e09153119308342d416661444c1811072cfa,26.62,0x1632036d537427ac857b5394c56b20a97d29e078,44,102,false,Fantom,Fuse Mainnet,2024-02-12 05:00:45.000,Gas.zip,Fantom,Fuse Mainnet,2024-04-15 04:31:58.000,Gas.zip
0x1eb54d6e9aa63f0584fbc4fa23a0e453058b806d,31.87,0x2ff71700117b6fb6ce90db2a0a777c362a711eba,28,48,false,Fantom,Fuse Mainnet,2024-02-12 05:03:29.000,Gas.zip,Fantom,Fuse Mainnet,2024-04-15 03:56:10.000,Gas.zip
0x7c349e22cb4356bd4f85cef3284b881e1d76fa7e,59.12,0x2899a278f80167e92a5bcfbabcd197491e052432,42,73,false,Fantom,Fuse Mainnet,2024-02-12 05:06:34.000,Gas.zip,Fantom,Fuse Mainnet,2024-04-15 16:35:54.000,Gas.zip
0x00006e6204b89348368ca96e453adfc2bcd4929d,27.82,0x378e3d3ece6017d94232ce4165c0faadf7a158a8,35,60,false,Fantom,Fuse Mainnet,2024-02-12 05:12:49.000,Gas.zip,Fantom,Fuse Mainnet,2024-04-15 13:41:31.000,Gas.zip
0xacf7e9812e862144749475d3c985d4aa9e1c8d41,42.43,0xa122744ec774698692a9a3ecba7afb9ff4dcd2d0,32,51,false,Fantom,Fuse Mainnet,2024-02-12 05:15:20.000,Gas.zip,Fantom,Fuse Mainnet,2024-04-15 03:04:49.000,Gas.zip
0x0000151c98660c96600d476cf2931b4ad1647f12,43.03,0x8cbe44341b6085fec31dbc87a848b045bf812015,26,51,false,Fantom,Fuse Mainnet,2024-02-12 05:17:09.000,Gas.zip,Fantom,Fuse Mainnet,2024-04-14 23:17:29.000,Gas.zip
0x1051f03b94916db965cc2fa5d95cd1745b470804,45.04,0x2899a278f80167e92a5bcfbabcd197491e052432,46,74,false,Fantom,Fuse Mainnet,2024-02-12 05:20:54.000,Gas.zip,Fantom,Fuse Mainnet,2024-04-15 00:01:26.000,Gas.zip
0xf57993342e62ce306d78b65cace83d466186e5de,51.44,0x644f9bf059eba61b3cd2cd62a6f8de040153113d,31,64,false,Fantom,Fuse Mainnet,2024-02-12 05:24:21.000,Gas.zip,Fantom,Fuse Mainnet,2024-04-15 17:58:55.000,Gas.zip
0x435242b482fbd76d1498abf8fd300f384cd83ccb,64.75,0x1c60471be96871e4f68197a309954fee88fed2ed,33,67,false,Fantom,Fuse Mainnet,2024-02-12 05:26:12.000,Gas.zip,Fantom,Fuse Mainnet,2024-04-14 18:04:20.000,Gas.zip
0x90cf9afdbc3dd7b03c094f251da1b1f31502b74d,38.84,0x3e7564508c47054787e8dd9ac45ee8ed15056b42,41,81,false,Fantom,Fuse Mainnet,2024-02-12 05:29:33.000,Gas.zip,Fantom,Fuse Mainnet,2024-04-15 09:08:52.000,Gas.zip
0x10398994c59242fe233facde73ea50a6e6b74cd3,50.46,0xe6e4be80e7140eebe70fd904bb70fc9223b28d20,31,56,false,Fantom,Fuse Mainnet,2024-02-12 05:31:21.000,Gas.zip,Fantom,Fuse Mainnet,2024-04-15 00:32:38.000,Gas.zip
0x138defce91d0cae520902306f6a85dcea58678ad,33.70,0x2ad0b17576b1cecf63622a645a091a787652ae17,34,55,false,Fantom,Fuse Mainnet,2024-02-12 05:36:29.000,Gas.zip,Fantom,Fuse Mainnet,2024-04-15 00:29:25.000,Gas.zip
0x6c99021fe0984d446ebf29c27f88eab916e21128,41.34,0x9089cea23e0f36d9d73c12cea252aeb15e7b6d86,20,51,false,Fantom,Fuse Mainnet,2024-02-12 05:39:07.000,Gas.zip,Fantom,Fuse Mainnet,2024-04-14 18:40:10.000,Gas.zip
0x6a8045270b65578920c9eebcbe7e18a3b77e7c3d,88.91,0x2204461712ad65f45f668e1fdeb69a9605239d7c,40,71,false,Fantom,Fuse Mainnet,2024-02-12 05:42:36.000,Gas.zip,Fantom,Fuse Mainnet,2024-04-15 07:23:42.000,Gas.zip
0x2a7af45b4f7515cb0ecf3867b4898ecf731bb542,24.23,0x861ea9275025fc89216053dc0b67647a197c0b98,26,40,false,Fantom,Fuse Mainnet,2024-02-12 05:45:49.000,Gas.zip,Fantom,Fuse Mainnet,2024-04-15 20:16:52.000,Gas.zip
0x9f06487a28a8b43831a8ba9b1b297bb7535e0462,52.75,0x98d7b756a8e7507c791be72308a40e86e56b1317,38,61,false,Fantom,Fuse Mainnet,2024-02-12 05:48:51.000,Gas.zip,Fantom,Fuse Mainnet,2024-04-15 04:59:46.000,Gas.zip
0xc9aceaef5d09e7a5442ab6ee0bfb2d549c79e775,34.37,0x1eb54d6e9aa63f0584fbc4fa23a0e453058b806d,26,48,false,Fantom,Fuse Mainnet,2024-02-12 05:51:20.000,Gas.zip,Fantom,Fuse Mainnet,2024-04-15 16:57:15.000,Gas.zip
0x79e2fbecb6780d731cfa17583b5c060723469ab8,35.39,0x06ad932c3dd0ee78ed621c55440803e9293944ab,29,51,false,Fantom,Fuse Mainnet,2024-02-12 05:53:56.000,Gas.zip,Fantom,Fuse Mainnet,2024-04-14 21:28:13.000,Gas.zip
0x00003bbc9f49f73107f92521f3917b2cc6dc428c,41.76,0x2ad0b17576b1cecf63622a645a091a787652ae17,46,67,false,Fantom,Fuse Mainnet,2024-02-12 05:57:16.000,Gas.zip,Fantom,Fuse Mainnet,2024-04-15 00:16:52.000,Gas.zip
0x759ae49416371b98576575b7ba19c9113af357b5,55.67,0xfab2e15e0a1929683fef84a1f02311ff8fe950ea,30,61,false,Fantom,Fuse Mainnet,2024-02-12 05:59:29.000,Gas.zip,Fantom,Fuse Mainnet,2024-04-15 19:03:02.000,Gas.zip
0x3681ad6741e67d5cf33f3cc9101783141e02e3b8,34.75,0x293430e13d160746fe226cc6019028f7e232a56f,22,59,false,Fantom,Fuse Mainnet,2024-02-12 06:02:44.000,Gas.zip,Fantom,Fuse Mainnet,2024-04-15 17:15:40.000,Gas.zip
0xa2149d13d62f14b58afbfc6164557f1908c8b89e,33.27,0x2940989abb4fff468098af994e60c67751d02d34,25,47,false,Fantom,Fuse Mainnet,2024-02-12 06:09:25.000,Gas.zip,Fantom,Fuse Mainnet,2024-04-14 15:49:08.000,Gas.zip
0x0626861bf29a674e22af44953cca16f08759df80,32.85,0xe978d0b8f705fa061e66134b896ecb486ebe6a8e,21,48,false,Fantom,Fuse Mainnet,2024-02-12 06:12:58.000,Gas.zip,Fantom,Fuse Mainnet,2024-04-15 01:48:14.000,Gas.zip
0xb89bebdf91dcda7e152d179ac39f883940347307,51.30,0xc7b75c29193f9bc82ac2c96714d8425b76e40a4a,37,56,false,Fantom,Fuse Mainnet,2024-02-12 06:19:31.000,Gas.zip,Fantom,Fuse Mainnet,2024-04-15 03:01:27.000,Gas.zip
0x000008fc35462f1ae63aaed346e45fd8c376b7f1,29.68,0x94472cb05c2157993964fc3db3fab375cff461c4,28,49,false,Fantom,Fuse Mainnet,2024-02-12 06:21:05.000,Gas.zip,Fantom,Fuse Mainnet,2024-04-14 15:36:24.000,Gas.zip
0x0000f509129b25635487ae02b74c651d27638d9e,27.08,0x8ea121e2ef3ab81af633b639613dc2975aeac804,25,85,false,Fantom,Fuse Mainnet,2024-02-12 06:24:07.000,Gas.zip,Fantom,Fuse Mainnet,2024-04-14 18:37:10.000,Gas.zip
0x7764f64ee2e70b5c115539cdf11e525fe5f90197,23.27,0x48e422d2bf48bd1699b1fc1bf3ea823c233ed778,44,105,false,Fantom,Fuse Mainnet,2024-02-12 06:30:41.000,Gas.zip,Fantom,Fuse Mainnet,2024-04-15 09:29:44.000,Gas.zip
0x9fdf6e8d8167449093e6f670e9292da4a07d15de,62.01,0x5baae179ae5f02bd70f9e165d59bab30655be828,34,72,false,Fantom,Fuse Mainnet,2024-02-12 06:33:38.000,Gas.zip,Fantom,Fuse Mainnet,2024-04-14 20:43:08.000,Gas.zip
0xe10d77c4fe328abddf5225a8ca963b2806606cd3,37.25,0xf0002692567f3104a6d8f35e3c1bb44cd5598a53,34,56,false,Fantom,Fuse Mainnet,2024-02-12 06:36:58.000,Gas.zip,Fantom,Fuse Mainnet,2024-04-14 17:31:00.000,Gas.zip
0x00008500fffdac833f8966645d0327d9d1a77bac,29.96,0x5d49f03360d555ada12823f561b961b2ce58b86e,26,48,false,Fantom,Fuse Mainnet,2024-02-12 06:40:25.000,Gas.zip,Fantom,Fuse Mainnet,2024-04-14 22:02:52.000,Gas.zip
0x18c81569e0b1ffa16f901708e461ecbd1a836b13,67.18,0xcf60b483e79e51ce10f93ad272067624112f8ab3,29,63,false,Fantom,Fuse Mainnet,2024-02-12 06:43:17.000,Gas.zip,Fantom,Fuse Mainnet,2024-04-15 19:19:59.000,Gas.zip
0xa7de2dad1bf90d59a2fa99e6ccab6e5c9c3c0dd9,33.35,0xacbbef553c0d2308c265728418855d035426ee0e,22,44,false,Fantom,Fuse Mainnet,2024-02-12 06:47:04.000,Gas.zip,Fantom,Fuse Mainnet,2024-04-15 12:38:50.000,Gas.zip
0x00007ca40535ec869c3e2c0cee3fb6feb39ef0d2,27.96,0x1c60471be96871e4f68197a309954fee88fed2ed,46,73,false,Fantom,Fuse Mainnet,2024-02-12 06:50:53.000,Gas.zip,Fantom,Fuse Mainnet,2024-04-15 18:35:05.000,Gas.zip
0x1106153f1f781d4fd6618ff378a237a2d3e72e89,59.44,0xb578990de6d14efb6822a9fe6eedad744765b3c4,28,85,false,Fantom,Fuse Mainnet,2024-02-12 06:52:24.000,Gas.zip,Fantom,Fuse Mainnet,2024-04-14 19:09:25.000,Gas.zip
0x12a2a44e700d791b167cd12019214638fa18da3d,45.67,0xce629f613eb2671a894eb09869a9305b0c2caa5d,29,54,false,Fantom,Fuse Mainnet,2024-02-12 06:55:53.000,Gas.zip,Fantom,Fuse Mainnet,2024-04-15 00:39:52.000,Gas.zip
0xbd3d213c8f0d6bf13ed3b224e4bbde85fd4ba73c,51.09,0x764f5fa7657d721d0ef35e796f23b7bc05579a87,29,57,false,Fantom,Fuse Mainnet,2024-02-12 06:58:28.000,Gas.zip,Fantom,Fuse Mainnet,2024-04-15 18:17:35.000,Gas.zip
0x8fd56b70f05f60c7e3861cc9e21e69760a803fdb,35.70,0x663539a898ad2a356f0ec42c960bf36a8274a685,31,44,false,Fantom,Fuse Mainnet,2024-02-12 07:01:47.000,Gas.zip,Fantom,Fuse Mainnet,2024-04-14 17:06:11.000,Gas.zip
0x06ad932c3dd0ee78ed621c55440803e9293944ab,35.00,0x79e2fbecb6780d731cfa17583b5c060723469ab8,29,48,false,Fantom,Fuse Mainnet,2024-02-12 07:05:26.000,Gas.zip,Fantom,Fuse Mainnet,2024-04-15 02:57:15.000,Gas.zip
0x47952dc33da780e0e56919e95f5e196d764cf074,26.69,0xd67bcbe419e7eccad20b7d6f48b3b8fac13f57e7,32,48,false,Fantom,Fuse Mainnet,2024-02-12 07:09:09.000,Gas.zip,Fantom,Fuse Mainnet,2024-04-14 20:13:46.000,Gas.zip
0x4971a20b2c0da0d502313fa96f7e7e7950de9749,43.91,0xf059ce134a7ab0dbfdf543835864a0bd9f8443d9,25,51,false,Fantom,Fuse Mainnet,2024-02-12 07:15:23.000,Gas.zip,Fantom,Fuse Mainnet,2024-04-14 14:56:38.000,Gas.zip
0x2b58221092ff979d92062de7e58c8f5a3295919f,31.87,0xe6e4be80e7140eebe70fd904bb70fc9223b28d20,31,50,false,Fantom,Fuse Mainnet,2024-02-12 07:19:02.000,Gas.zip,Fantom,Fuse Mainnet,2024-04-15 20:20:02.000,Gas.zip
0x255a242bcaac886a5a5319a1944f90193b5ef270,29.93,0x0000db87bc9c5ded1ef2afd190c5fb5a77b48a22,32,57,false,Fantom,Fuse Mainnet,2024-02-12 07:20:52.000,Gas.zip,Fantom,Fuse Mainnet,2024-04-15 01:39:31.000,Gas.zip
0xc7b75c29193f9bc82ac2c96714d8425b76e40a4a,49.47,0x2545d464f9111e88278abdbcd632d8199739952c,38,56,false,Fantom,Fuse Mainnet,2024-02-12 07:24:10.000,Gas.zip,Fantom,Fuse Mainnet,2024-04-15 08:52:24.000,Gas.zip
0x47960b8a625a0170e1f8e42a8c73a4ec2d6bf97c,47.39,0xb578990de6d14efb6822a9fe6eedad744765b3c4,41,84,false,Fantom,Fuse Mainnet,2024-02-12 07:28:01.000,Gas.zip,Fantom,Fuse Mainnet,2024-04-15 09:05:39.000,Gas.zip
0x0000eafe741e41dcdd8d55f5fd539a51d1ec92e4,38.20,0x0000f19d1677ce30d8b198a3456efb37da0ad0dc,24,50,false,Fantom,Fuse Mainnet,2024-02-12 07:31:50.000,Gas.zip,Fantom,Fuse Mainnet,2024-04-14 22:36:39.000,Gas.zip
0xd383b66210c326ff20700b6ae24f714f04470657,23.63,0x0375010372f8fbbdc7699e237ae68cb243ba4be6,21,43,false,Fantom,Fuse Mainnet,2024-02-12 07:33:16.000,Gas.zip,Fantom,Fuse Mainnet,2024-04-15 09:00:37.000,Gas.zip
0xb4c0ec2b383ae80d920c1f272ff90fc96a3938c4,61.06,0xf4d72a82ef966747fa00955b98d70089e32e3ba3,36,72,false,Fantom,Fuse Mainnet,2024-02-12 07:35:05.000,Gas.zip,Fantom,Fuse Mainnet,2024-04-15 07:52:40.000,Gas.zip
0x1aecf1ba6b66fa265386af0adc24a22c7597b630,64.65,0x5fea9f25cadd1e1979571bae8186019ae16bfa56,33,55,false,Fantom,Fuse Mainnet,2024-02-12 07:38:32.000,Gas.zip,Fantom,Fuse Mainnet,2024-04-14 22:23:02.000,Gas.zip
0xb2ec39d99063cc4a58845950d258e0df8363ba11,49.89,0xec24de0c15965edb17f7b931c6e0193971669141,44,83,false,Fantom,Fuse Mainnet,2024-02-12 07:41:07.000,Gas.zip,Fantom,Fuse Mainnet,2024-04-15 03:51:15.000,Gas.zip
0x4c19e0d8d4b76299426214a8924cdff8c2591af5,40.18,0x0000151c98660c96600d476cf2931b4ad1647f12,23,54,false,Fantom,Fuse Mainnet,2024-02-12 07:45:02.000,Gas.zip,Fantom,Fuse Mainnet,2024-04-14 21:00:02.000,Gas.zip
0xd398fbef54f730246c398fe814814f8afd8b4a40,44.47,0x00007ca40535ec869c3e2c0cee3fb6feb39ef0d2,38,65,false,Fantom,Fuse Mainnet,2024-02-12 07:50:13.000,Gas.zip,Fantom,Fuse Mainnet,2024-04-14 15:16:50.000,Gas.zip
0xcf75b838449045ba90d4c839559e5a3662e7da14,29.08,0x1eb54d6e9aa63f0584fbc4fa23a0e453058b806d,26,44,false,Fantom,Fuse Mainnet,2024-02-12 07:53:10.000,Gas.zip,Fantom,Fuse Mainnet,2024-04-15 10:28:26.000,Gas.zip
0xb0c93d022a72f05c44dd50bd07eee21e91b0a530,32.57,0xd9602d516bb8f5542aa5990e9e424e73387fa0af,15,43,false,Fantom,Fuse Mainnet,2024-02-12 07:56:48.000,Gas.zip,Fantom,Fuse Mainnet,2024-04-15 17:10:44.000,Gas.zip
0xd8a90d49a925912210dc3211291453a7f2001017,44.33,0x764f5fa7657d721d0ef35e796f23b7bc05579a87,38,59,false,Fantom,Fuse Mainnet,2024-02-12 07:58:27.000,Gas.zip,Fantom,Fuse Mainnet,2024-04-15 13:00:57.000,Gas.zip
0x9089cea23e0f36d9d73c12cea252aeb15e7b6d86,47.89,0xe742cf94de63a007d21648b16ed1ca671ea19826,23,62,false,Fantom,Fuse Mainnet,2024-02-12 08:01:46.000,Gas.zip,Fantom,Fuse Mainnet,2024-04-15 10:25:18.000,Gas.zip
0x5d49f03360d555ada12823f561b961b2ce58b86e,29.23,0x00008500fffdac833f8966645d0327d9d1a77bac,26,47,false,Fantom,Fuse Mainnet,2024-02-12 08:05:36.000,Gas.zip,Fantom,Fuse Mainnet,2024-04-15 15:01:05.000,Gas.zip
0xb50ba79e74191c2f07973ad8f45a9d0b04bb30a5,18.06,0x000095eecd54ed3e8a52f4f4ce1c0994d9885eeb,11,33,false,Fantom,Fuse Mainnet,2024-02-12 08:07:06.000,Gas.zip,Fantom,Fuse Mainnet,2024-04-15 13:24:23.000,Gas.zip
0x3ef4610882da281d140b0c8bf60518166c38b936,29.19,0xd13376d567def13b26cf18ac520c8e2747e17c48,29,48,false,Fantom,Fuse Mainnet,2024-02-12 08:08:44.000,Gas.zip,Fantom,Fuse Mainnet,2024-04-15 11:45:32.000,Gas.zip
0x9306fdbe230cce599883a18abcd13fa3eaa5d6c0,34.19,0x8443e5cb4de0d865905f29c88d448c8c23be447e,43,88,false,Fantom,Fuse Mainnet,2024-02-12 08:10:45.000,Gas.zip,Fantom,Fuse Mainnet,2024-04-15 14:45:32.000,Gas.zip
0xb7ec9db5904afa8ec0843a6e61c100133d33d41b,29.61,0xe9b0a2a0a9dcaadbb82b66eb058357c3c05b8b36,24,48,false,Fantom,Fuse Mainnet,2024-02-12 08:12:19.000,Gas.zip,Fantom,Fuse Mainnet,2024-04-14 22:13:54.000,Gas.zip
0xb495d38022dbf9ca19969e504820a6238849c496,68.66,0x92985b610248e4f3043958c90fc8194b42d6b5c5,36,70,false,Fantom,Fuse Mainnet,2024-02-12 08:16:41.000,Gas.zip,Fantom,Fuse Mainnet,2024-04-15 04:16:02.000,Gas.zip
0xdef7e13b7424ff7d32253d66b15834aefae78477,27.32,0x5d49f03360d555ada12823f561b961b2ce58b86e,25,40,false,Fantom,Fuse Mainnet,2024-02-12 08:20:10.000,Gas.zip,Fantom,Fuse Mainnet,2024-04-14 17:27:58.000,Gas.zip
0x0a276926394aa5ed7d4a3e5adac26eeda0ac0921,41.55,0x00003b133510b80d913f251fee582258a60cfc69,27,49,false,Fantom,Fuse Mainnet,2024-02-12 08:27:18.000,Gas.zip,Fantom,Fuse Mainnet,2024-04-14 20:49:41.000,Gas.zip
0x1ecbde0e39479a913ec25362c22f6725be561bea,51.09,0xb04c7b0d7a3fc2620cf768129b762a38557703bc,37,56,false,Fantom,Fuse Mainnet,2024-02-12 08:31:36.000,Gas.zip,Fantom,Fuse Mainnet,2024-04-15 11:30:28.000,Gas.zip
0x52e1cf346148bebca6071233a371d92759af4fd2,59.26,0x70b15b90dd12a1a3df08127a7c51d603161be523,35,68,false,Fantom,Fuse Mainnet,2024-02-12 08:33:26.000,Gas.zip,Fantom,Fuse Mainnet,2024-04-14 19:57:35.000,Gas.zip
0x6cd3a64c9e3a3096afd1d65ab3183f6650d58bcd,69.93,0x000094ede9addd3f990d23afcc85244f15a19802,43,79,false,Fantom,Fuse Mainnet,2024-02-12 08:35:50.000,Gas.zip,Fantom,Fuse Mainnet,2024-04-15 09:25:26.000,Gas.zip
0x8db278c61be149ae8a108a9640a077a3376ba59f,39.58,0x2b58221092ff979d92062de7e58c8f5a3295919f,28,50,false,Fantom,Fuse Mainnet,2024-02-12 08:42:49.000,Gas.zip,Fantom,Fuse Mainnet,2024-04-15 12:15:20.000,Gas.zip
0xec24de0c15965edb17f7b931c6e0193971669141,43.52,0x9d41efa7bb4573911cef94a5a67222d58bef3cc3,58,102,false,Fantom,Fuse Mainnet,2024-02-12 08:44:37.000,Gas.zip,Fantom,Fuse Mainnet,2024-04-15 01:30:36.000,Gas.zip
0xb295550f5f425a3be42a83eb271a3d5fa2ae8fc9,20.28,0xd4af71d55eaf9ff26c9c9a1ef1cd548dd56490e5,28,47,false,Fantom,Fuse Mainnet,2024-02-12 08:48:33.000,Gas.zip,Fantom,Fuse Mainnet,2024-04-15 15:06:04.000,Gas.zip
0xbb8b88288c8144322b4d134626ae84aa7de1b784,92.01,0x6a8045270b65578920c9eebcbe7e18a3b77e7c3d,37,67,false,Fantom,Fuse Mainnet,2024-02-12 08:50:04.000,Gas.zip,Fantom,Fuse Mainnet,2024-04-15 20:13:36.000,Gas.zip
0xc6407a83eb204fdfda60cf4e3daf3226d6bf567c,29.12,0x0000688188439fa53b7456439c0e4730a29812e6,24,42,false,Fantom,Fuse Mainnet,2024-02-12 08:53:07.000,Gas.zip,Fantom,Fuse Mainnet,2024-04-15 17:03:24.000,Gas.zip
0x70ed24e77b43f72ab4605847865669feaecb1b77,78.80,0xf3bc44554fd49bfc35df98f9c68d54a0fa355b49,31,65,false,Fantom,Fuse Mainnet,2024-02-12 08:54:44.000,Gas.zip,Fantom,Fuse Mainnet,2024-04-15 06:58:08.000,Gas.zip
0x81b9d6612c5eaa73844429694629411e04221004,53.06,0x18dee126930b028c1277c5909dcb99f0c08fd399,30,57,false,Fantom,Fuse Mainnet,2024-02-12 08:56:34.000,Gas.zip,Fantom,Fuse Mainnet,2024-04-15 07:47:49.000,Gas.zip
0x53a4a7e810b6a2811a2718a30f334e90fdbc5d4d,25.21,0x3ef4610882da281d140b0c8bf60518166c38b936,15,39,false,Fantom,Fuse Mainnet,2024-02-12 08:58:12.000,Gas.zip,Fantom,Fuse Mainnet,2024-04-14 20:01:29.000,Gas.zip
0x3ee453390e7529d771b4edaf1f3fadc07b82461b,39.89,0x861ea9275025fc89216053dc0b67647a197c0b98,31,58,false,Fantom,Fuse Mainnet,2024-02-12 09:00:36.000,Gas.zip,Fantom,Fuse Mainnet,2024-04-15 05:28:14.000,Gas.zip
0xa3238b10afc110d797c4dd4fd416e7e41529598a,22.15,0x9a2109c01a15d650c00f3661169600db35b57c79,19,42,false,Fantom,Fuse Mainnet,2024-02-12 09:02:30.000,Gas.zip,Fantom,Fuse Mainnet,2024-04-15 16:08:30.000,Gas.zip
0x000090c9bf9e3fc3c9946aaeb4502f4f75f0ac2c,26.02,0x6488a30d8a6f35e7819cddb5d028bfad94fb056a,24,53,false,Fantom,Fuse Mainnet,2024-02-12 09:09:54.000,Gas.zip,Fantom,Fuse Mainnet,2024-04-15 10:40:32.000,Gas.zip
0xad3f007bed332f6ea3ba19eaf4d7b66ad0c8d73e,20.67,0x1ef3f7329cbb5fce796a8c80128c8ae7fd389806,11,37,false,Fantom,Fuse Mainnet,2024-02-12 09:12:25.000,Gas.zip,Fantom,Fuse Mainnet,2024-04-15 05:39:51.000,Gas.zip
0x2899a278f80167e92a5bcfbabcd197491e052432,62.32,0x1051f03b94916db965cc2fa5d95cd1745b470804,46,73,false,Fantom,Fuse Mainnet,2024-02-12 09:14:11.000,Gas.zip,Fantom,Fuse Mainnet,2024-04-14 17:49:15.000,Gas.zip
0xfe66dfb0f051d51a91a108d3c4277c68117c1cab,43.31,0x460a71a6c58923a6c3ead5b5e73768409b5ad0e8,29,53,false,Fantom,Fuse Mainnet,2024-02-12 09:17:11.000,Gas.zip,Fantom,Fuse Mainnet,2024-04-15 13:54:35.000,Gas.zip
0x0000c828fe55856ffd72ca5572654eb23403a6ac,46.09,0x000014fd94ce58eb233377aa4ac4562ce4b524fe,35,58,false,Fantom,Fuse Mainnet,2024-02-12 09:18:53.000,Gas.zip,Fantom,Fuse Mainnet,2024-04-15 18:06:14.000,Gas.zip
0x1dfd6ed4c42c530ed30062c847b9f80661e1180b,29.82,0x8816d7b3ed932bab3c199c740f2c6fd90d62e51b,24,41,false,Fantom,Fuse Mainnet,2024-02-12 09:22:15.000,Gas.zip,Fantom,Fuse Mainnet,2024-04-15 20:43:57.000,Gas.zip
0x9d10a0f489105f7181fb8054c58490c7a09cc151,31.65,0x1eb54d6e9aa63f0584fbc4fa23a0e453058b806d,23,48,false,Fantom,Fuse Mainnet,2024-02-12 09:26:08.000,Gas.zip,Fantom,Fuse Mainnet,2024-04-15 15:50:37.000,Gas.zip
0x6488a30d8a6f35e7819cddb5d028bfad94fb056a,45.46,0x3d8660fc5840da7398f5081e58b006528323d19d,34,61,false,Fantom,Fuse Mainnet,2024-02-12 09:27:57.000,Gas.zip,Fantom,Fuse Mainnet,2024-04-15 04:54:24.000,Gas.zip
0x10b31ca48b12be55890a0749bda72dbf08ad7dfe,47.25,0x96927483d8321194485f1f408c14d5c38a893381,37,57,false,Fantom,Fuse Mainnet,2024-02-12 09:29:53.000,Gas.zip,Fantom,Fuse Mainnet,2024-04-15 03:47:07.000,Gas.zip
0x0efaa292e16a3491a440dc886b1278cc9be81ccf,38.56,0x57d4302751d8217821b0b3d937e760207f3b879f,22,50,false,Fantom,Fuse Mainnet,2024-02-12 09:31:42.000,Gas.zip,Fantom,Fuse Mainnet,2024-04-15 20:36:39.000,Gas.zip
0x0b2ce689b0286414058609b590c395cd79c18621,56.83,0xd7e7f023c07cd408169800aae40eafca207d3e4e,25,58,false,Fantom,Fuse Mainnet,2024-02-12 09:33:42.000,Gas.zip,Fantom,Fuse Mainnet,2024-04-15 21:29:16.000,Gas.zip
0x79709f6fbd08a82749d88c5de0b19b80276f71e6,34.93,0xb3cbeeb269f0c3aab1ff7a7ec58b45eb545d53ca,39,75,false,Fantom,Fuse Mainnet,2024-02-12 09:38:06.000,Gas.zip,Fantom,Fuse Mainnet,2024-04-15 09:16:28.000,Gas.zip
0x70b15b90dd12a1a3df08127a7c51d603161be523,53.24,0x52e1cf346148bebca6071233a371d92759af4fd2,35,57,false,Fantom,Fuse Mainnet,2024-02-12 09:39:38.000,Gas.zip,Fantom,Fuse Mainnet,2024-04-15 06:00:57.000,Gas.zip
0xcf60b483e79e51ce10f93ad272067624112f8ab3,50.88,0xc7b75c29193f9bc82ac2c96714d8425b76e40a4a,32,62,false,Fantom,Fuse Mainnet,2024-02-12 09:42:28.000,Gas.zip,Fantom,Fuse Mainnet,2024-04-15 18:22:36.000,Gas.zip
0xffa2f768c5bdce6ae06f8641632e3c62f3e8c648,24.75,0x1a5e45ea6200d3a5b80f75e3226f0b2a6cd9162a,22,45,false,Fantom,Fuse Mainnet,2024-02-12 09:46:39.000,Gas.zip,Fantom,Fuse Mainnet,2024-04-14 23:22:22.000,Gas.zip
0xe6e4be80e7140eebe70fd904bb70fc9223b28d20,51.41,0x644f9bf059eba61b3cd2cd62a6f8de040153113d,38,57,false,Fantom,Fuse Mainnet,2024-02-12 09:53:52.000,Gas.zip,Fantom,Fuse Mainnet,2024-04-14 15:56:26.000,Gas.zip
0x92985b610248e4f3043958c90fc8194b42d6b5c5,67.89,0x74d5154a57a7da2c6e2b9dc1e9aaee1f3812fbc8,42,67,false,Fantom,Fuse Mainnet,2024-02-12 09:57:49.000,Gas.zip,Fantom,Fuse Mainnet,2024-04-14 21:37:00.000,Gas.zip
0x0000f9ad0d8d8dc46ce91045329062cd164509cc,41.30,0x0000089a8cf24a8da12648c5d2bf89540d7e4288,42,74,false,Fantom,Fuse Mainnet,2024-02-12 10:01:54.000,Gas.zip,Fantom,Fuse Mainnet,2024-04-15 21:26:18.000,Gas.zip
0x7f9c9257ea954bd53b817857392d317e85520888,67.99,0x29656243277360d9c2067cdc27149dc6b2bcc850,32,63,false,Fantom,Fuse Mainnet,2024-02-12 10:04:48.000,Gas.zip,Fantom,Fuse Mainnet,2024-04-15 16:39:53.000,Gas.zip
0x18dee126930b028c1277c5909dcb99f0c08fd399,45.60,0x81b9d6612c5eaa73844429694629411e04221004,30,58,false,Fantom,Fuse Mainnet,2024-02-12 10:08:02.000,Gas.zip,Fantom,Fuse Mainnet,2024-04-15 17:40:06.000,Gas.zip
0x2204461712ad65f45f668e1fdeb69a9605239d7c,90.35,0x6a8045270b65578920c9eebcbe7e18a3b77e7c3d,40,66,false,Fantom,Fuse Mainnet,2024-02-12 10:09:36.000,Gas.zip,Fantom,Fuse Mainnet,2024-04-14 19:52:25.000,Gas.zip
0xd13376d567def13b26cf18ac520c8e2747e17c48,23.10,0x3ef4610882da281d140b0c8bf60518166c38b936,29,43,false,Fantom,Fuse Mainnet,2024-02-12 10:13:13.000,Gas.zip,Fantom,Fuse Mainnet,2024-04-15 02:13:34.000,Gas.zip
0x4aba4c82a016c46d10c0428f527cacbfc8e2735a,40.42,0x3ee453390e7529d771b4edaf1f3fadc07b82461b,30,58,false,Fantom,Fuse Mainnet,2024-02-12 10:15:26.000,Gas.zip,Fantom,Fuse Mainnet,2024-04-15 05:18:57.000,Gas.zip
0xdb8c3232b8a47773cbe7e7e405e271cf64fafcbf,31.58,0xd7ccecb489b9f96ee1ef91727d3936294a327e94,30,47,false,Fantom,Fuse Mainnet,2024-02-12 10:17:04.000,Gas.zip,Fantom,Fuse Mainnet,2024-04-15 20:51:24.000,Gas.zip
0x7ffc16c16eae7e5dcdf6610dc3941be732737de6,60.42,0x897ae57d7d7c643b1b9504e87bdd0e7c4586d97f,46,73,false,Fantom,Fuse Mainnet,2024-02-12 10:21:05.000,Gas.zip,Fantom,Fuse Mainnet,2024-04-15 07:11:33.000,Gas.zip
0x0000688188439fa53b7456439c0e4730a29812e6,25.99,0xdb4f223d6029fa6af68185f5ce20e776021f3bf1,28,53,false,Fantom,Fuse Mainnet,2024-02-12 10:24:15.000,Gas.zip,Fantom,Fuse Mainnet,2024-04-14 23:36:10.000,Gas.zip
0xf0002692567f3104a6d8f35e3c1bb44cd5598a53,61.16,0x133b0e635b6196b29c73f261558efdea2244e28b,35,64,false,Fantom,Fuse Mainnet,2024-02-12 10:25:58.000,Gas.zip,Fantom,Fuse Mainnet,2024-04-15 11:08:29.000,Gas.zip
0x293430e13d160746fe226cc6019028f7e232a56f,50.77,0x0000f9ad0d8d8dc46ce91045329062cd164509cc,32,70,false,Fantom,Fuse Mainnet,2024-02-12 10:29:52.000,Gas.zip,Fantom,Fuse Mainnet,2024-04-15 04:12:42.000,Gas.zip
0x00008a461f64c03398845ba938301fbab3ebeb78,41.87,0x00001ba91ebe8a0581563c65965288b504c8cc53,43,79,false,Fantom,Fuse Mainnet,2024-02-12 10:33:43.000,Gas.zip,Fantom,Fuse Mainnet,2024-04-15 16:47:19.000,Gas.zip
0x26aabe1a3a5cc986e817af17e945cc9fc6dcb5f9,25.81,0x94472cb05c2157993964fc3db3fab375cff461c4,39,82,false,Fantom,Fuse Mainnet,2024-02-12 10:35:45.000,Gas.zip,Fantom,Fuse Mainnet,2024-04-15 21:36:10.000,Gas.zip
0x000003398fef59d12167ceed0cee73d67a013429,43.35,0x27c9e8886b327eae168513b2800f8bf3e4ce439d,28,54,false,Fantom,Fuse Mainnet,2024-02-12 10:39:43.000,Gas.zip,Fantom,Fuse Mainnet,2024-04-15 03:25:58.000,Gas.zip
0x1c60471be96871e4f68197a309954fee88fed2ed,43.94,0x00007ca40535ec869c3e2c0cee3fb6feb39ef0d2,46,74,false,Fantom,Fuse Mainnet,2024-02-12 10:42:31.000,Gas.zip,Fantom,Fuse Mainnet,2024-04-15 11:18:52.000,Gas.zip
0x60a678f1015cfdd77eac39bf3fe6866bb106c8ee,44.19,0x00003bbc9f49f73107f92521f3917b2cc6dc428c,33,62,false,Fantom,Fuse Mainnet,2024-02-12 10:45:16.000,Gas.zip,Fantom,Fuse Mainnet,2024-04-14 19:30:53.000,Gas.zip
0x9e83bec7b4f69482164b38d62bcd93b75353a675,31.27,0xa2fd8e127d8f8bed8ca866d1ce6bcc41d56cf95b,33,50,false,Fantom,Fuse Mainnet,2024-02-12 10:49:24.000,Gas.zip,Fantom,Fuse Mainnet,2024-04-15 04:09:13.000,Gas.zip
0xcd7aaae458fe5d27a6fc6eab97017d94d32f8b5f,44.05,0xaf9df5c144bae5230e0ec6288bc927b43ea6fae7,27,55,false,Fantom,Fuse Mainnet,2024-02-12 10:52:35.000,Gas.zip,Fantom,Fuse Mainnet,2024-04-14 20:26:02.000,Gas.zip
0x07cd55223996857313c76d5cd883b3f9cc198b7e,39.47,0xc7b75c29193f9bc82ac2c96714d8425b76e40a4a,32,55,false,Fantom,Fuse Mainnet,2024-02-12 10:56:05.000,Gas.zip,Fantom,Fuse Mainnet,2024-04-15 04:26:04.000,Gas.zip
0x133b0e635b6196b29c73f261558efdea2244e28b,58.98,0x644f9bf059eba61b3cd2cd62a6f8de040153113d,42,71,false,Fantom,Fuse Mainnet,2024-02-12 10:57:43.000,Gas.zip,Fantom,Fuse Mainnet,2024-04-15 07:55:49.000,Gas.zip
0x84922d3c540d7b1aa74b8db31670af47948e6683,27.68,0x0000eafe741e41dcdd8d55f5fd539a51d1ec92e4,16,42,false,Fantom,Fuse Mainnet,2024-02-12 11:01:44.000,Gas.zip,Fantom,Fuse Mainnet,2024-04-15 08:57:23.000,Gas.zip
0x9778e693323bb8c6a445821922f39dec0bc02e22,34.72,0xcb86981271a2c66db5f1afc66e4b011b0e916b0f,27,54,false,Fantom,Fuse Mainnet,2024-02-12 11:04:48.000,Gas.zip,Fantom,Fuse Mainnet,2024-04-14 18:18:44.000,Gas.zip
0xe0075b99c1ce70bf5dea1448da190117ea0ca289,45.42,0x10b31ca48b12be55890a0749bda72dbf08ad7dfe,36,55,false,Fantom,Fuse Mainnet,2024-02-12 11:08:16.000,Gas.zip,Fantom,Fuse Mainnet,2024-04-15 07:30:52.000,Gas.zip
0x63a8bafbef9a0d0e5fdfc52a5ca9d1ec9446cdae,48.77,0x56a0c797a66dc97d9775864db57974ffd4107ebf,30,60,false,Fantom,Fuse Mainnet,2024-02-12 11:10:00.000,Gas.zip,Fantom,Fuse Mainnet,2024-04-15 13:45:22.000,Gas.zip
0x41b9ee89d61005e0a72ce81a9557f043eaf04704,68.20,0xb2ec39d99063cc4a58845950d258e0df8363ba11,34,58,false,Fantom,Fuse Mainnet,2024-02-12 11:13:20.000,Gas.zip,Fantom,Fuse Mainnet,2024-04-14 22:32:38.000,Gas.zip
0x9b0fccdd1e550927ab71a950b1be106abd722b93,60.04,0x8af5000489862153d79ffe21487caaa01aecd55e,42,64,false,Fantom,Fuse Mainnet,2024-02-12 11:16:43.000,Gas.zip,Fantom,Fuse Mainnet,2024-04-15 08:23:23.000,Gas.zip
0x777fe6a4bd2c1650bc6da687aeb4164f7e15a5b1,35.63,0x0000baa8de7d489cbc16ef948827d1232d33a133,36,66,false,Fantom,Fuse Mainnet,2024-02-12 11:19:21.000,Gas.zip,Fantom,Fuse Mainnet,2024-04-15 00:11:46.000,Gas.zip
0x3f99bafa88f3013476c4701c9b5300c3b193acd1,42.78,0x2545d464f9111e88278abdbcd632d8199739952c,27,61,false,Fantom,Fuse Mainnet,2024-02-12 11:21:10.000,Gas.zip,Fantom,Fuse Mainnet,2024-04-14 15:52:18.000,Gas.zip
0x8cbe44341b6085fec31dbc87a848b045bf812015,41.80,0xaf9df5c144bae5230e0ec6288bc927b43ea6fae7,26,50,false,Fantom,Fuse Mainnet,2024-02-12 11:24:12.000,Gas.zip,Fantom,Fuse Mainnet,2024-04-15 06:10:16.000,Gas.zip
0x0000baa8de7d489cbc16ef948827d1232d33a133,17.01,0x00003da18fe172c423fab15f33fc4873a5a6f543,42,76,false,Fantom,Fuse Mainnet,2024-02-12 11:26:35.000,Gas.zip,Fantom,Fuse Mainnet,2024-04-15 06:14:35.000,Gas.zip
0x0000efabd200c630b427c0aef5f40233202a3b63,36.65,0xd4af71d55eaf9ff26c9c9a1ef1cd548dd56490e5,35,63,false,Fantom,Fuse Mainnet,2024-02-12 11:30:12.000,Gas.zip,Fantom,Fuse Mainnet,2024-04-15 11:13:35.000,Gas.zip
0x85af5ee9a55b01d19de87abe2af03d8213ce014e,27.61,0x8c6ec174a963fb2ae7c7bd1acb240b6695db0bec,14,41,false,Fantom,Fuse Mainnet,2024-02-12 11:31:44.000,Gas.zip,Fantom,Fuse Mainnet,2024-04-15 20:39:51.000,Gas.zip
0xa731f6970043898a8c276892d80f94450aaafd41,24.72,0xfd5b328a91adfbb16ec4a4f11fa8e7921f9fa3f3,22,42,false,Fantom,Fuse Mainnet,2024-02-12 11:33:20.000,Gas.zip,Fantom,Fuse Mainnet,2024-04-15 10:11:52.000,Gas.zip
0xfcf9d944292799bc0bc84735889dfe4da48fd21a,57.71,0xb2ec39d99063cc4a58845950d258e0df8363ba11,39,87,false,Fantom,Fuse Mainnet,2024-02-12 11:36:35.000,Gas.zip,Fantom,Fuse Mainnet,2024-04-15 02:33:26.000,Gas.zip
0xa940a4265faef1b9b44438657c63372d6da0afda,62.43,0x3b1e29853ef1ed4417e5dd219a47f60166768c59,42,69,false,Fantom,Fuse Mainnet,2024-02-12 11:40:01.000,Gas.zip,Fantom,Fuse Mainnet,2024-04-15 12:12:11.000,Gas.zip
0xfbc55a99819f6c5a04ca3470a0becb23a0372f7b,45.92,0x1c363cdf04a3af84e42244f9ba7b68221cee541f,28,57,false,Fantom,Fuse Mainnet,2024-02-12 11:42:48.000,Gas.zip,Fantom,Fuse Mainnet,2024-04-14 18:22:39.000,Gas.zip
0x5baae179ae5f02bd70f9e165d59bab30655be828,56.62,0x2ad0b17576b1cecf63622a645a091a787652ae17,43,69,false,Fantom,Fuse Mainnet,2024-02-12 11:46:14.000,Gas.zip,Fantom,Fuse Mainnet,2024-04-15 01:45:00.000,Gas.zip
0xa122744ec774698692a9a3ecba7afb9ff4dcd2d0,61.80,0xacf7e9812e862144749475d3c985d4aa9e1c8d41,32,64,false,Fantom,Fuse Mainnet,2024-02-12 11:48:03.000,Gas.zip,Fantom,Fuse Mainnet,2024-04-15 18:43:10.000,Gas.zip
0x7973e5b8ed909867788242f28da825851ac2fc6d,23.59,0x705e5d332f4c5b04f1541403418f09727ab6ad89,22,53,false,Fantom,Fuse Mainnet,2024-02-12 11:49:56.000,Gas.zip,Fantom,Fuse Mainnet,2024-04-15 12:56:09.000,Gas.zip
0x5b41968d36d742fd5a0e83994b41985f4a531bf4,62.29,0x1b2ae63a759823adc9e6f054244a53e5d74d5345,40,70,false,Fantom,Fuse Mainnet,2024-02-12 11:54:05.000,Gas.zip,Fantom,Fuse Mainnet,2024-04-15 12:08:13.000,Gas.zip
0x26b6c205f04ece82829e97de3ee921ec7f6e785a,51.23,0x07b8e09153119308342d416661444c1811072cfa,44,77,false,Fantom,Fuse Mainnet,2024-02-12 11:56:04.000,Gas.zip,Fantom,Fuse Mainnet,2024-04-15 15:23:04.000,Gas.zip
0xa363f2603083769fecaf998cf209ab74a069a497,50.28,0x908ed159796f2136fa4db12324714d106e0508f3,31,59,false,Fantom,Fuse Mainnet,2024-02-12 11:58:41.000,Gas.zip,Fantom,Fuse Mainnet,2024-04-15 11:22:03.000,Gas.zip
0x86f09f4ae3bfda9c32137eb48947a5d14e6bb9da,35.25,0x4e55ae1606c03342bda5b8384eaa89e1c8833c4d,24,45,false,Fantom,Fuse Mainnet,2024-02-12 12:00:22.000,Gas.zip,Fantom,Fuse Mainnet,2024-04-15 07:33:46.000,Gas.zip
0xd08629e620b4b0ec9c60db426089b27c56a05b5a,41.94,0x84191454b14716c694553cb121f046776c16db30,36,59,false,Fantom,Fuse Mainnet,2024-02-12 12:04:17.000,Gas.zip,Fantom,Fuse Mainnet,2024-04-15 07:18:38.000,Gas.zip
0x1409597c83174bec6f940bb242686b87adc9ecea,44.89,0xd326d3083d833c9c2f114499a8009da62db9b8b8,24,59,false,Fantom,Fuse Mainnet,2024-02-12 12:08:05.000,Gas.zip,Fantom,Fuse Mainnet,2024-04-15 01:59:35.000,Gas.zip
0xa8669812c97e68346dcebceed6f3cd96706a52e3,32.39,0xacbbef553c0d2308c265728418855d035426ee0e,21,40,false,Fantom,Fuse Mainnet,2024-02-12 12:11:38.000,Gas.zip,Fantom,Fuse Mainnet,2024-04-15 01:33:50.000,Gas.zip
0x25c7686abb46c27d54cc31a1a0e533bdede58e99,61.51,0x8af5000489862153d79ffe21487caaa01aecd55e,40,73,false,Fantom,Fuse Mainnet,2024-02-12 12:13:35.000,Gas.zip,Fantom,Fuse Mainnet,2024-04-14 17:38:10.000,Gas.zip
0x200e08b32c064ee5c10993ce2bec784b31f47ad3,35.85,0x94472cb05c2157993964fc3db3fab375cff461c4,42,89,false,Fantom,Fuse Mainnet,2024-02-12 12:15:42.000,Gas.zip,Fantom,Fuse Mainnet,2024-04-15 21:16:04.000,Gas.zip
0xcb86981271a2c66db5f1afc66e4b011b0e916b0f,52.25,0x9778e693323bb8c6a445821922f39dec0bc02e22,27,63,false,Fantom,Fuse Mainnet,2024-02-12 12:19:47.000,Gas.zip,Fantom,Fuse Mainnet,2024-04-15 15:18:11.000,Gas.zip
0xa2fd8e127d8f8bed8ca866d1ce6bcc41d56cf95b,16.73,0x9e83bec7b4f69482164b38d62bcd93b75353a675,33,50,false,Fantom,Fuse Mainnet,2024-02-12 12:21:25.000,Gas.zip,Fantom,Fuse Mainnet,2024-04-15 08:02:45.000,Gas.zip
0x93e03512c22c0a9485b86991489a6108a82964ca,78.63,0x000068f4ac1c7763c8af0d6c47901c8f07d2c4fc,33,60,false,Fantom,Fuse Mainnet,2024-02-12 12:24:22.000,Gas.zip,Fantom,Fuse Mainnet,2024-04-15 03:59:26.000,Gas.zip
0x577d650801ad616fe716d45f8158de823ba6f342,41.55,0xfe66dfb0f051d51a91a108d3c4277c68117c1cab,28,59,false,Fantom,Fuse Mainnet,2024-02-12 12:27:11.000,Gas.zip,Fantom,Fuse Mainnet,2024-04-15 10:35:45.000,Gas.zip
0x4d55a5ca2681fe23f642e00bf4b36a1a135728bd,31.58,0x5d49f03360d555ada12823f561b961b2ce58b86e,25,47,false,Fantom,Fuse Mainnet,2024-02-12 12:29:00.000,Gas.zip,Fantom,Fuse Mainnet,2024-04-14 16:35:08.000,Gas.zip
0xc1c9c7a5c2ebb583a31b822f58d2b4ad467d02b5,26.58,0x4872b79dd776ec3366eff96682b1e06a182e951c,13,36,false,Fantom,Fuse Mainnet,2024-02-12 12:33:43.000,Gas.zip,Fantom,Fuse Mainnet,2024-04-15 00:47:54.000,Gas.zip
0x16473f7ef8a5a8aed6631aa7450bc1d30883e949,66.76,0xf52af54ea22691a5068db22a19d67100e3c68b81,39,72,false,Fantom,Fuse Mainnet,2024-02-12 12:36:05.000,Gas.zip,Fantom,Fuse Mainnet,2024-04-14 21:25:04.000,Gas.zip
0x2fd9b5d0554255e3fa396e6fbe359dc237397d29,22.78,0xd398fbef54f730246c398fe814814f8afd8b4a40,23,42,false,Fantom,Fuse Mainnet,2024-02-12 12:37:57.000,Gas.zip,Fantom,Fuse Mainnet,2024-04-14 16:26:08.000,Gas.zip
0x3f427ba92c5ae792f8fb9fa5a7704dbcb536cff0,33.98,0x3874f7a619b2da3f5ae298e566195a7f6b24d20a,22,49,false,Fantom,Fuse Mainnet,2024-02-12 12:39:45.000,Gas.zip,Fantom,Fuse Mainnet,2024-04-14 21:58:55.000,Gas.zip
0x3b1e29853ef1ed4417e5dd219a47f60166768c59,62.89,0xa940a4265faef1b9b44438657c63372d6da0afda,42,68,false,Fantom,Fuse Mainnet,2024-02-12 12:41:49.000,Gas.zip,Fantom,Fuse Mainnet,2024-04-15 16:52:06.000,Gas.zip
0x7cdd640440db1e26adaa2953d26f9f4e82bcb59e,41.13,0xc7b75c29193f9bc82ac2c96714d8425b76e40a4a,33,49,false,Fantom,Fuse Mainnet,2024-02-12 12:43:55.000,Gas.zip,Fantom,Fuse Mainnet,2024-04-14 19:17:13.000,Gas.zip
0xc730d296ed98d832821ff48743704b5bc54e1fb1,55.63,0x311fb4f6963316aefac887dfa8a7c47d39c38142,33,62,false,Fantom,Fuse Mainnet,2024-02-12 12:45:59.000,Gas.zip,Fantom,Fuse Mainnet,2024-04-15 19:32:12.000,Gas.zip
0x96927483d8321194485f1f408c14d5c38a893381,59.40,0x961d59cc2fc80b6ced8e72e52b964809a9fd1571,41,61,false,Fantom,Fuse Mainnet,2024-02-12 12:49:07.000,Gas.zip,Fantom,Fuse Mainnet,2024-04-15 17:32:12.000,Gas.zip
0x7a4e1e1360d9142660c89f402b89b954875d1838,57.82,0x8af5000489862153d79ffe21487caaa01aecd55e,46,72,false,Fantom,Fuse Mainnet,2024-02-12 12:51:15.000,Gas.zip,Fantom,Fuse Mainnet,2024-04-15 20:48:08.000,Gas.zip
0xf51012847e2d2c1fac69d5bbdf66a6f561d2a488,62.01,0x92985b610248e4f3043958c90fc8194b42d6b5c5,38,66,false,Fantom,Fuse Mainnet,2024-02-12 12:55:08.000,Gas.zip,Fantom,Fuse Mainnet,2024-04-15 04:40:26.000,Gas.zip
0x88273ecd65165e5d2155909babcb6e490a113fc9,44.54,0xe742cf94de63a007d21648b16ed1ca671ea19826,24,57,false,Fantom,Fuse Mainnet,2024-02-12 12:59:30.000,Gas.zip,Fantom,Fuse Mainnet,2024-04-15 21:45:12.000,Gas.zip
0xf52af54ea22691a5068db22a19d67100e3c68b81,68.87,0x16473f7ef8a5a8aed6631aa7450bc1d30883e949,39,72,false,Fantom,Fuse Mainnet,2024-02-12 13:01:05.000,Gas.zip,Fantom,Fuse Mainnet,2024-04-15 14:26:46.000,Gas.zip
0x644f9bf059eba61b3cd2cd62a6f8de040153113d,70.21,0x133b0e635b6196b29c73f261558efdea2244e28b,42,69,false,Fantom,Fuse Mainnet,2024-02-12 13:04:03.000,Gas.zip,Fantom,Fuse Mainnet,2024-04-15 15:11:01.000,Gas.zip
0xce629f613eb2671a894eb09869a9305b0c2caa5d,32.50,0x460a71a6c58923a6c3ead5b5e73768409b5ad0e8,29,56,false,Fantom,Fuse Mainnet,2024-02-12 13:05:50.000,Gas.zip,Fantom,Fuse Mainnet,2024-04-15 14:52:22.000,Gas.zip
0x5df247c4c180d05e98d83947246415bb324efec7,35.42,0x0000eafe741e41dcdd8d55f5fd539a51d1ec92e4,18,48,false,Fantom,Fuse Mainnet,2024-02-12 13:09:11.000,Gas.zip,Fantom,Fuse Mainnet,2024-04-15 02:41:48.000,Gas.zip
0x84191454b14716c694553cb121f046776c16db30,50.25,0xd08629e620b4b0ec9c60db426089b27c56a05b5a,36,58,false,Fantom,Fuse Mainnet,2024-02-12 13:11:04.000,Gas.zip,Fantom,Fuse Mainnet,2024-04-14 17:41:18.000,Gas.zip
0x897ae57d7d7c643b1b9504e87bdd0e7c4586d97f,52.32,0x7ffc16c16eae7e5dcdf6610dc3941be732737de6,46,71,false,Fantom,Fuse Mainnet,2024-02-12 13:14:57.000,Gas.zip,Fantom,Fuse Mainnet,2024-04-15 10:20:23.000,Gas.zip
0x663539a898ad2a356f0ec42c960bf36a8274a685,36.80,0x8fd56b70f05f60c7e3861cc9e21e69760a803fdb,31,47,false,Fantom,Fuse Mainnet,2024-02-12 13:21:18.000,Gas.zip,Fantom,Fuse Mainnet,2024-04-15 08:20:12.000,Gas.zip
0x7b39cdfda32b98cc06e13d83c0503c26d8deae1d,26.37,0x00003da18fe172c423fab15f33fc4873a5a6f543,44,71,false,Fantom,Fuse Mainnet,2024-02-12 13:25:21.000,Gas.zip,Fantom,Fuse Mainnet,2024-04-15 17:06:35.000,Gas.zip
0x9a2109c01a15d650c00f3661169600db35b57c79,27.01,0x8cbe44341b6085fec31dbc87a848b045bf812015,23,52,false,Fantom,Fuse Mainnet,2024-02-12 13:29:23.000,Gas.zip,Fantom,Fuse Mainnet,2024-04-15 00:06:31.000,Gas.zip
0xfaa655d2818dc488dd6d94da1d1da6b450925e5f,44.26,0x1cfcd38ab44faa848da7894169386a6d3277e570,38,59,false,Fantom,Fuse Mainnet,2024-02-12 13:34:01.000,Gas.zip,Fantom,Fuse Mainnet,2024-04-15 09:13:08.000,Gas.zip
0xf2a831d8e42824150fb282fedb36dd60d5020ecc,23.06,0xd4af71d55eaf9ff26c9c9a1ef1cd548dd56490e5,39,59,false,Fantom,Fuse Mainnet,2024-02-12 13:36:32.000,Gas.zip,Fantom,Fuse Mainnet,2024-04-15 05:15:51.000,Gas.zip
0x6cc554b5ec0559761039a549c69667a8df5a781c,59.82,0xf0002692567f3104a6d8f35e3c1bb44cd5598a53,31,64,false,Fantom,Fuse Mainnet,2024-02-12 13:42:21.000,Gas.zip,Fantom,Fuse Mainnet,2024-04-15 12:34:56.000,Gas.zip
0x00000fc7bff652f10041c6fd8b7f44efac262069,20.77,0x00003da18fe172c423fab15f33fc4873a5a6f543,32,86,false,Fantom,Fuse Mainnet,2024-02-12 13:45:46.000,Gas.zip,Fantom,Fuse Mainnet,2024-04-15 09:47:06.000,Gas.zip
0x8af5000489862153d79ffe21487caaa01aecd55e,51.58,0x7a4e1e1360d9142660c89f402b89b954875d1838,46,74,false,Fantom,Fuse Mainnet,2024-02-12 13:47:24.000,Gas.zip,Fantom,Fuse Mainnet,2024-04-15 03:17:26.000,Gas.zip
0x97bced3bf851887a61eb83f7accad88483f80d3d,54.96,0xe0075b99c1ce70bf5dea1448da190117ea0ca289,33,63,false,Fantom,Fuse Mainnet,2024-02-12 13:49:07.000,Gas.zip,Fantom,Fuse Mainnet,2024-04-14 20:21:47.000,Gas.zip
0x237adff65bd898e9f72de00a001e96eed69bdb16,56.13,0x98d7b756a8e7507c791be72308a40e86e56b1317,31,64,false,Fantom,Fuse Mainnet,2024-02-12 13:51:51.000,Gas.zip,Fantom,Fuse Mainnet,2024-04-15 09:55:57.000,Gas.zip
0xdce8a3c67f16492fad78f10e6d04de56b19e1b24,29.72,0xbe3823d62b7e6063c59ccab5ba8437e03a54246b,24,40,false,Fantom,Fuse Mainnet,2024-02-12 13:53:47.000,Gas.zip,Fantom,Fuse Mainnet,2024-04-15 16:30:27.000,Gas.zip
0xd67bcbe419e7eccad20b7d6f48b3b8fac13f57e7,38.52,0x47952dc33da780e0e56919e95f5e196d764cf074,32,51,false,Fantom,Fuse Mainnet,2024-02-12 13:55:17.000,Gas.zip,Fantom,Fuse Mainnet,2024-04-15 05:48:21.000,Gas.zip
0xe91a0f339354dbea48efbc6f968a477d548d7f7e,36.06,0xd945348864251a671e45e2510c8141fef3b74913,33,72,false,Fantom,Fuse Mainnet,2024-02-12 13:57:48.000,Gas.zip,Fantom,Fuse Mainnet,2024-04-15 08:42:55.000,Gas.zip
0x83f19cf11d93a95428f5be6948bca80158b2414e,35.56,0xacbbef553c0d2308c265728418855d035426ee0e,22,48,false,Fantom,Fuse Mainnet,2024-02-12 14:00:26.000,Gas.zip,Fantom,Fuse Mainnet,2024-04-15 13:33:43.000,Gas.zip
0xe5b40bbdef6505a283c6763088c859fff2e01fb8,66.62,0x16473f7ef8a5a8aed6631aa7450bc1d30883e949,33,74,false,Fantom,Fuse Mainnet,2024-02-12 14:03:58.000,Gas.zip,Fantom,Fuse Mainnet,2024-04-15 19:28:11.000,Gas.zip
0xd72f337600bf3222f39b03e5a5a72c92c90696fa,52.43,0x5b41968d36d742fd5a0e83994b41985f4a531bf4,36,59,false,Fantom,Fuse Mainnet,2024-02-12 14:07:28.000,Gas.zip,Fantom,Fuse Mainnet,2024-04-15 04:29:05.000,Gas.zip
0x5d0571a053dc4bc2838b7c0a8172cecca75ed661,46.76,0xfab2e15e0a1929683fef84a1f02311ff8fe950ea,34,56,false,Fantom,Fuse Mainnet,2024-02-12 14:10:31.000,Gas.zip,Fantom,Fuse Mainnet,2024-04-15 07:27:48.000,Gas.zip
0x29656243277360d9c2067cdc27149dc6b2bcc850,63.03,0x310f08ff3f52d1f6f5f195a9f04e494179fbcba8,36,75,false,Fantom,Fuse Mainnet,2024-02-12 14:13:25.000,Gas.zip,Fantom,Fuse Mainnet,2024-04-15 01:20:38.000,Gas.zip
0xa344c7cafcddeedfce1c0e8c7e4d7da8ef584044,57.43,0xe6a356daf05ccf556ccd4de66936a9ccfeaf69d6,41,66,false,Fantom,Fuse Mainnet,2024-02-12 14:14:57.000,Gas.zip,Fantom,Fuse Mainnet,2024-04-14 20:57:07.000,Gas.zip
0x1ef3f7329cbb5fce796a8c80128c8ae7fd389806,24.93,0x4872b79dd776ec3366eff96682b1e06a182e951c,27,42,false,Fantom,Fuse Mainnet,2024-02-12 14:18:02.000,Gas.zip,Fantom,Fuse Mainnet,2024-04-15 17:47:40.000,Gas.zip
0x27f28b32e9d495c827ef76bf6fa1e3b2894934af,40.18,0x8cf2ebaca758c9a4dfe98b5ab9b06772c50947cd,25,48,false,Fantom,Fuse Mainnet,2024-02-12 14:20:03.000,Gas.zip,Fantom,Fuse Mainnet,2024-04-14 17:58:01.000,Gas.zip
0x11e04f922ca9407b50b7ba5d8804a067c9f72dd5,32.89,0xd08629e620b4b0ec9c60db426089b27c56a05b5a,30,60,false,Fantom,Fuse Mainnet,2024-02-12 14:22:42.000,Gas.zip,Fantom,Fuse Mainnet,2024-04-15 06:05:24.000,Gas.zip
0x48e422d2bf48bd1699b1fc1bf3ea823c233ed778,46.87,0x7764f64ee2e70b5c115539cdf11e525fe5f90197,44,66,false,Fantom,Fuse Mainnet,2024-02-12 14:26:51.000,Gas.zip,Fantom,Fuse Mainnet,2024-04-14 20:52:49.000,Gas.zip
0x0000db87bc9c5ded1ef2afd190c5fb5a77b48a22,52.39,0x255a242bcaac886a5a5319a1944f90193b5ef270,32,64,false,Fantom,Fuse Mainnet,2024-02-12 14:29:31.000,Gas.zip,Fantom,Fuse Mainnet,2024-04-14 16:40:07.000,Gas.zip
0xf4d72a82ef966747fa00955b98d70089e32e3ba3,49.93,0x7764f64ee2e70b5c115539cdf11e525fe5f90197,38,83,false,Fantom,Fuse Mainnet,2024-02-12 14:34:05.000,Gas.zip,Fantom,Fuse Mainnet,2024-04-15 18:27:31.000,Gas.zip
0xda041559c518c494b907aa56dcafe330bca9a2f6,85.18,0xbb8b88288c8144322b4d134626ae84aa7de1b784,30,63,false,Fantom,Fuse Mainnet,2024-02-12 14:35:54.000,Gas.zip,Fantom,Fuse Mainnet,2024-04-14 19:20:24.000,Gas.zip
0x0266b2da96f5d125f9bcea27b18cef285d7b0076,36.09,0xb3cbeeb269f0c3aab1ff7a7ec58b45eb545d53ca,25,56,false,Fantom,Fuse Mainnet,2024-02-12 14:37:49.000,Gas.zip,Fantom,Fuse Mainnet,2024-04-15 02:36:30.000,Gas.zip
0x000095eecd54ed3e8a52f4f4ce1c0994d9885eeb,20.07,0x187427c46507314192b7008e8f3b5328a615ecbe,21,40,false,Fantom,Fuse Mainnet,2024-02-12 14:39:44.000,Gas.zip,Fantom,Fuse Mainnet,2024-04-15 08:14:58.000,Gas.zip
0x0217227ef4543f03575e1b1c1755f1c44c9124b2,23.98,0x8443e5cb4de0d865905f29c88d448c8c23be447e,41,82,false,Fantom,Fuse Mainnet,2024-02-12 14:41:09.000,Gas.zip,Fantom,Fuse Mainnet,2024-04-15 02:08:55.000,Gas.zip
0xa4ba6156f57d9f01637f02fd3f0f3e0ca830a623,29.08,0x3ee453390e7529d771b4edaf1f3fadc07b82461b,21,45,false,Fantom,Fuse Mainnet,2024-02-12 14:42:43.000,Gas.zip,Fantom,Fuse Mainnet,2024-04-14 21:18:27.000,Gas.zip
0xa1261b95fae061fa23a559ca93ce6772364b3161,58.98,0x0000f9ad0d8d8dc46ce91045329062cd164509cc,31,71,false,Fantom,Fuse Mainnet,2024-02-12 14:44:43.000,Gas.zip,Fantom,Fuse Mainnet,2024-04-15 09:39:24.000,Gas.zip
0xd0601866227f807f9fcae5f82a1a7d4513222a5b,37.39,0x0375010372f8fbbdc7699e237ae68cb243ba4be6,24,48,false,Fantom,Fuse Mainnet,2024-02-12 14:57:48.000,Gas.zip,Fantom,Fuse Mainnet,2024-04-15 03:35:23.000,Gas.zip
0x156a6c1163e1067d82900f13853971a56796592e,57.22,0xce629f613eb2671a894eb09869a9305b0c2caa5d,26,53,false,Fantom,Fuse Mainnet,2024-02-12 15:00:27.000,Gas.zip,Fantom,Fuse Mainnet,2024-04-14 21:44:07.000,Gas.zip
0x00009a58dcce3790c02b34001e00aa10433c9155,29.47,0xb65dd7b5e0b0c7ddeeae32c2e00dc9e1603a240c,20,40,false,Fantom,Fuse Mainnet,2024-02-13 13:35:59.000,Gas.zip,Fantom,Fuse Mainnet,2024-04-15 21:08:18.000,Gas.zip
0x00001ba91ebe8a0581563c65965288b504c8cc53,23.06,0x00008a461f64c03398845ba938301fbab3ebeb78,43,89,false,Fantom,Fuse Mainnet,2024-02-13 15:15:35.000,Gas.zip,Fantom,Fuse Mainnet,2024-04-15 07:07:37.000,Gas.zip
0x0000183c9de00f63740666ad273ecf1ba2ad2285,14.89,0xb1f86566377b55a31e21cd22cde79e51a4ff2459,14,36,false,Fantom,Fuse Mainnet,2024-02-13 16:02:44.000,Gas.zip,Fantom,Fuse Mainnet,2024-04-15 06:36:31.000,Gas.zip
0x0000f19d1677ce30d8b198a3456efb37da0ad0dc,34.89,0xf9e9db26722402e1a592e86a694be860130cc529,29,58,false,Fantom,Fuse Mainnet,2024-02-13 18:17:07.000,Gas.zip,Fantom,Fuse Mainnet,2024-04-15 14:40:22.000,Gas.zip
0xab1616b537bb2affdafd889da44a86438f9918bf,33.56,0x0000e99e6510215de44578efa4235e3937a48e75,32,58,false,Fantom,Fuse Mainnet,2024-02-13 23:29:52.000,Gas.zip,Fantom,Fuse Mainnet,2024-04-15 17:19:44.000,Gas.zip
0xba9a0bb31b6f958e8b9fd75ac374261fbeabd416,31.13,0xc6407a83eb204fdfda60cf4e3daf3226d6bf567c,21,41,false,Fantom,Fuse Mainnet,2024-02-13 23:34:37.000,Gas.zip,Fantom,Fuse Mainnet,2024-04-15 01:52:49.000,Gas.zip
0x55d15c46c9696b08e63e88b2f55ddfa4a0cf8b4d,76.02,0x434020c39188807881a3e066eb0758ae5caeba39,32,58,false,Fantom,Fuse Mainnet,2024-02-14 00:47:57.000,Gas.zip,Fantom,Fuse Mainnet,2024-04-15 06:45:45.000,Gas.zip
0xb1f86566377b55a31e21cd22cde79e51a4ff2459,17.92,0x3ef4610882da281d140b0c8bf60518166c38b936,21,46,false,Fantom,Fuse Mainnet,2024-02-14 01:26:32.000,Gas.zip,Fantom,Fuse Mainnet,2024-04-15 02:22:31.000,Gas.zip
0x2ed517eefc92f26f9a7d81fa8458287d480aa9eb,69.54,0x8b2f5af68b5116d3417475729a6e25cc56ad1e6b,31,67,false,Fantom,Fuse Mainnet,2024-02-14 02:20:09.000,Gas.zip,Fantom,Fuse Mainnet,2024-04-15 04:37:07.000,Gas.zip
0x259c2ada4eedb62e1fda0917c8c5d03d5db59a4c,34.12,0xa4ba6156f57d9f01637f02fd3f0f3e0ca830a623,20,45,false,Fantom,Fuse Mainnet,2024-02-14 02:26:59.000,Gas.zip,Fantom,Fuse Mainnet,2024-04-14 22:27:59.000,Gas.zip
0xb3cbeeb269f0c3aab1ff7a7ec58b45eb545d53ca,51.23,0x79709f6fbd08a82749d88c5de0b19b80276f71e6,39,70,false,Fantom,Fuse Mainnet,2024-02-14 12:35:04.000,Gas.zip,Fantom,Fuse Mainnet,2024-04-15 18:57:57.000,Gas.zip
0xa6e628045f2d7b8a752546ec4057f204f16bb24a,19.75,0xb1f86566377b55a31e21cd22cde79e51a4ff2459,15,37,false,Fantom,Fuse Mainnet,2024-02-14 13:37:57.000,Gas.zip,Fantom,Fuse Mainnet,2024-04-15 18:51:30.000,Gas.zip
0x0cbfdbb70e9562963c537434359257161e744807,39.51,0xd2b3d3a7545277b6faf16ab4e3d6d801b0b43691,28,50,false,Fantom,Fuse Mainnet,2024-02-14 13:55:14.000,Gas.zip,Fantom,Fuse Mainnet,2024-04-14 23:27:02.000,Gas.zip
0xd945348864251a671e45e2510c8141fef3b74913,30.18,0xc1ef3a2b9b67cba9499228919196c8ced3f66208,45,76,false,Fantom,Fuse Mainnet,2024-02-14 14:46:39.000,Gas.zip,Fantom,Fuse Mainnet,2024-04-15 13:57:45.000,Gas.zip
0x434020c39188807881a3e066eb0758ae5caeba39,90.18,0xf3bc44554fd49bfc35df98f9c68d54a0fa355b49,36,69,false,Fantom,Fuse Mainnet,2024-02-14 16:00:50.000,Gas.zip,Fantom,Fuse Mainnet,2024-04-15 08:39:58.000,Gas.zip
0x8c6ec174a963fb2ae7c7bd1acb240b6695db0bec,30.46,0xd38d24b0483b3366a5bf90a09711feb5af9baa79,23,48,false,Fantom,Fuse Mainnet,2024-02-14 16:57:21.000,Gas.zip,Fantom,Fuse Mainnet,2024-04-15 11:56:50.000,Gas.zip
0xf3bc44554fd49bfc35df98f9c68d54a0fa355b49,85.39,0x434020c39188807881a3e066eb0758ae5caeba39,36,67,false,Fantom,Fuse Mainnet,2024-02-14 18:00:37.000,Gas.zip,Fantom,Fuse Mainnet,2024-04-15 13:50:22.000,Gas.zip
0xfa58b9ff3a0339089250a64c42b6f96e8b72cc67,37.82,0x7a226a2c78ba181f5179e7c01b718f82a219cd11,32,50,false,Fantom,Fuse Mainnet,2024-02-14 18:15:20.000,Gas.zip,Fantom,Fuse Mainnet,2024-04-14 21:15:26.000,Gas.zip
0xacf6322be4037b11f3c88369f7f8b0ab4bd85b70,91.90,0x0cb290f553e08b134f6401f545fb1e349aada698,38,68,false,Fantom,Fuse Mainnet,2024-02-14 18:22:14.000,Gas.zip,Fantom,Fuse Mainnet,2024-04-14 19:00:40.000,Gas.zip
0xb731d57689aec3b413e788401b44b5767479c48b,52.61,0xb3cbeeb269f0c3aab1ff7a7ec58b45eb545d53ca,31,74,false,Fantom,Fuse Mainnet,2024-02-14 18:43:09.000,Gas.zip,Fantom,Fuse Mainnet,2024-04-14 20:32:57.000,Gas.zip
0xd2b3d3a7545277b6faf16ab4e3d6d801b0b43691,30.42,0x0cbfdbb70e9562963c537434359257161e744807,28,52,false,Fantom,Fuse Mainnet,2024-02-14 20:07:16.000,Gas.zip,Fantom,Fuse Mainnet,2024-04-15 06:32:26.000,Gas.zip
0x1367afe7a6019e6cddb3763c9c9f806e22fd6acb,41.65,0x861ea9275025fc89216053dc0b67647a197c0b98,37,52,false,Fantom,Fuse Mainnet,2024-02-14 20:10:08.000,Gas.zip,Fantom,Fuse Mainnet,2024-04-15 16:19:49.000,Gas.zip
0xd6aeec645eb3bca84f76ce1cdab6c5c0661c3967,20.99,0x8c6ec174a963fb2ae7c7bd1acb240b6695db0bec,17,44,false,Fantom,Fuse Mainnet,2024-02-14 23:03:06.000,Gas.zip,Fantom,Fuse Mainnet,2024-04-15 20:01:19.000,Gas.zip
0x0cb290f553e08b134f6401f545fb1e349aada698,67.43,0xacf6322be4037b11f3c88369f7f8b0ab4bd85b70,38,77,false,Fantom,Fuse Mainnet,2024-02-15 00:28:16.000,Gas.zip,Fantom,Fuse Mainnet,2024-04-14 21:54:34.000,Gas.zip
0x3d8660fc5840da7398f5081e58b006528323d19d,37.68,0x6488a30d8a6f35e7819cddb5d028bfad94fb056a,34,58,false,Fantom,Fuse Mainnet,2024-02-15 00:33:37.000,Gas.zip,Fantom,Fuse Mainnet,2024-04-15 05:05:42.000,Gas.zip
0xa93020597d0bf9ea0c57139857617ac49368fe2c,23.20,0x4872b79dd776ec3366eff96682b1e06a182e951c,20,44,false,Fantom,Fuse Mainnet,2024-02-15 00:58:29.000,Gas.zip,Fantom,Fuse Mainnet,2024-04-14 23:46:09.000,Gas.zip
0xd70f60f5c266e7d28f6397a98292576824433478,75.56,0xfcf9d944292799bc0bc84735889dfe4da48fd21a,32,73,false,Fantom,Fuse Mainnet,2024-02-15 01:02:03.000,Gas.zip,Fantom,Fuse Mainnet,2024-04-15 19:23:14.000,Gas.zip
0x1c363cdf04a3af84e42244f9ba7b68221cee541f,48.56,0xfbc55a99819f6c5a04ca3470a0becb23a0372f7b,28,60,false,Fantom,Fuse Mainnet,2024-02-15 01:14:24.000,Gas.zip,Fantom,Fuse Mainnet,2024-04-15 00:35:36.000,Gas.zip
0xa6cfee39d1a09e03b3c9643ec0885d5628cf1dd9,33.35,0xf9e9db26722402e1a592e86a694be860130cc529,20,42,false,Fantom,Fuse Mainnet,2024-02-15 02:34:14.000,Gas.zip,Fantom,Fuse Mainnet,2024-04-15 07:58:46.000,Gas.zip
0x0e09f84159543763b7235d04fb072e76734767be,52.04,0x2bc8c6d6c9a5a2c9b73ddeeb5aa93af89845ac12,34,65,false,Fantom,Fuse Mainnet,2024-02-15 02:40:54.000,Gas.zip,Fantom,Fuse Mainnet,2024-04-15 04:05:01.000,Gas.zip
0x9113c835690fb1bd4982b6dbf049d290cb18e09f,38.10,0xacf7e9812e862144749475d3c985d4aa9e1c8d41,24,52,false,Fantom,Fuse Mainnet,2024-02-15 03:18:22.000,Gas.zip,Fantom,Fuse Mainnet,2024-04-14 15:59:52.000,Gas.zip
0x0cb621b602001061f65f17cadd1e4535f875969b,39.89,0xd9602d516bb8f5542aa5990e9e424e73387fa0af,31,56,false,Fantom,Fuse Mainnet,2024-02-15 03:30:38.000,Gas.zip,Fantom,Fuse Mainnet,2024-04-15 19:48:32.000,Gas.zip
0x74fdfd1e26d12b7efcbb494395998032cdceb6b1,42.29,0xb89bebdf91dcda7e152d179ac39f883940347307,29,55,false,Fantom,Fuse Mainnet,2024-02-15 13:05:51.000,Gas.zip,Fantom,Fuse Mainnet,2024-04-15 12:47:47.000,Gas.zip
0xafd037d433f7b048654dedd0fbcc133c47607d9a,33.35,0x86f09f4ae3bfda9c32137eb48947a5d14e6bb9da,18,45,false,Fantom,Fuse Mainnet,2024-02-15 13:44:35.000,Gas.zip,Fantom,Fuse Mainnet,2024-04-15 07:01:21.000,Gas.zip
0xa0f49d9322bf84b1881c841fc03feea1ed7b6090,38.13,0xd70f60f5c266e7d28f6397a98292576824433478,30,80,false,Fantom,Fuse Mainnet,2024-02-15 13:57:48.000,Gas.zip,Fantom,Fuse Mainnet,2024-04-14 22:56:19.000,Gas.zip