User Address,NB TX,NATIVE DROP,STARGATE SWAP,src | dest | contract,day | week | month,Initial Active Date,Last Active Date,isSybil
0xcd838b7dff26b900a38c3fe5848748666cae48cf,71,0.00,0.00,1 | 1 | 3,9 | 7 | 3,2024-02-11,2024-04-15,false
0xd326d3083d833c9c2f114499a8009da62db9b8b8,59,0.00,0.00,1 | 1 | 3,8 | 7 | 3,2024-02-11,2024-04-15,false
0xe0be4e7bf4b65d7b9687970d29347d3e9e51012b,43,0.00,0.00,1 | 1 | 3,8 | 7 | 3,2024-02-11,2024-04-15,false
0xd38d24b0483b3366a5bf90a09711feb5af9baa79,47,0.00,0.00,1 | 1 | 3,8 | 6 | 3,2024-02-11,2024-04-15,false
0x00000f5b610b7d5552513aef6415f57d9d008c58,47,0.00,0.00,1 | 1 | 3,9 | 7 | 3,2024-02-11,2024-04-14,false
0x1be25319107be5b1969c381f8e50f9f992cca757,46,0.00,0.00,1 | 1 | 3,8 | 6 | 3,2024-02-11,2024-04-14,false
0xb5d8d093334fa3e395d1e1145cfa823acd658056,51,0.00,0.00,1 | 1 | 3,8 | 6 | 3,2024-02-11,2024-04-14,false
0x8f88487798e2928a82d6f6c3c660a5f670fa83a4,40,0.00,0.00,1 | 1 | 3,7 | 6 | 3,2024-02-11,2024-04-15,false
0x0c4870a39ba8db28a1d9412586b5c805cd85f933,38,0.00,0.00,1 | 2 | 4,10 | 8 | 3,2024-02-11,2024-04-15,false
0x3db19b4ac715b0e28bcceaaba23aa17b6ca48ccc,62,0.00,0.00,1 | 1 | 4,11 | 9 | 3,2024-02-11,2024-04-15,false
0x66ec20adf9405f50d3d18a390573c03a7a5d8dd8,80,0.00,0.00,1 | 1 | 3,10 | 6 | 3,2024-02-11,2024-04-15,false
0xe6f1671886a564121abe159b90e83dafb770a611,64,0.00,0.00,1 | 2 | 4,8 | 7 | 3,2024-02-11,2024-04-14,false
0x899c4766f611d4ede035c9fa6029101bed673599,55,0.00,0.00,1 | 2 | 4,10 | 7 | 3,2024-02-11,2024-04-14,false
0xfd5b328a91adfbb16ec4a4f11fa8e7921f9fa3f3,39,0.00,0.00,1 | 1 | 3,9 | 7 | 3,2024-02-11,2024-04-15,false
0xf059ce134a7ab0dbfdf543835864a0bd9f8443d9,62,0.00,0.00,1 | 1 | 3,9 | 7 | 3,2024-02-11,2024-04-15,false
0x0000f1c427bc6b2137554db3c9886e0a1019338f,50,0.00,0.00,1 | 2 | 4,9 | 8 | 3,2024-02-11,2024-04-15,false
0xf9e9db26722402e1a592e86a694be860130cc529,63,0.00,0.00,1 | 2 | 4,10 | 8 | 3,2024-02-11,2024-04-15,false
0x56a0c797a66dc97d9775864db57974ffd4107ebf,56,0.00,0.00,1 | 2 | 4,10 | 8 | 3,2024-02-11,2024-04-14,false
0x78eb5f37e53bca1ee2ba3befbd4a11c5660ee3d9,56,0.00,0.00,1 | 1 | 3,10 | 8 | 3,2024-02-11,2024-04-15,false
0x1cfcd38ab44faa848da7894169386a6d3277e570,70,0.00,0.00,1 | 1 | 3,9 | 6 | 3,2024-02-11,2024-04-14,false
0x4261ab4a75711173865ad3ba61d065d9ad7a7ec1,65,0.00,0.00,1 | 2 | 4,11 | 8 | 3,2024-02-11,2024-04-15,false
0xbe3823d62b7e6063c59ccab5ba8437e03a54246b,39,0.00,0.00,1 | 1 | 2,8 | 7 | 3,2024-02-11,2024-04-14,false
0x8443e5cb4de0d865905f29c88d448c8c23be447e,100,0.00,0.00,1 | 1 | 3,11 | 7 | 3,2024-02-11,2024-04-14,false
0x0267ff6e2ca6fcd70ec4518a618d8d7ac2e5e94b,68,0.00,0.00,1 | 1 | 3,10 | 7 | 3,2024-02-11,2024-04-14,false
0x1809a7d3bf168d59a025df46eb97c2c58edc5657,48,0.00,0.00,1 | 2 | 4,10 | 7 | 3,2024-02-11,2024-04-14,false
0x1cd33d039cd229066864e8c19768c0ba39440fcd,44,0.00,0.00,1 | 1 | 3,9 | 7 | 3,2024-02-11,2024-04-15,false
0xd790ac034257e3044b7d4d44822719cc984195f5,62,0.00,0.00,1 | 2 | 4,11 | 7 | 3,2024-02-11,2024-04-14,false
0xc1ef3a2b9b67cba9499228919196c8ced3f66208,82,0.00,0.00,1 | 2 | 4,11 | 7 | 3,2024-02-11,2024-04-15,false
0x7f590120861bc8553122be03d96372c4e492fa36,59,0.00,0.00,1 | 2 | 4,11 | 9 | 3,2024-02-11,2024-04-15,false
0x705e5d332f4c5b04f1541403418f09727ab6ad89,53,0.00,0.00,1 | 2 | 4,10 | 8 | 3,2024-02-11,2024-04-15,false
0x58d833d5e1f3f601fad9b26cc933d9a17f457add,42,0.00,0.00,1 | 1 | 3,8 | 6 | 3,2024-02-11,2024-04-14,false
0x2ff71700117b6fb6ce90db2a0a777c362a711eba,49,0.00,0.00,1 | 2 | 4,9 | 8 | 3,2024-02-11,2024-04-15,false
0xbfdcabd0a13ee7d70eec2e722474f03dcb6b2daa,55,0.00,0.00,1 | 1 | 3,10 | 7 | 3,2024-02-11,2024-04-15,false
0x0000a49fc4235906ea2d0330dd957352309e8a09,42,0.00,0.00,1 | 2 | 4,9 | 8 | 3,2024-02-11,2024-04-15,false
0x1632036d537427ac857b5394c56b20a97d29e078,92,0.00,0.00,1 | 1 | 3,10 | 7 | 3,2024-02-11,2024-04-15,false
0x5022d3d4ddb182bec63d728cd12f5623a2eade56,75,0.00,0.00,1 | 2 | 4,10 | 8 | 3,2024-02-11,2024-04-14,false
0x169364e01febb2d105c750005cd0af9e577121f6,50,0.00,0.00,1 | 1 | 3,8 | 7 | 3,2024-02-11,2024-04-14,false
0xfab2e15e0a1929683fef84a1f02311ff8fe950ea,60,0.00,0.00,1 | 1 | 3,8 | 7 | 3,2024-02-11,2024-04-15,false
0x16dd0d77b102576ea6153c3b7bdea4860dc65535,96,0.00,0.00,1 | 1 | 3,11 | 8 | 3,2024-02-11,2024-04-15,false
0x6148d007eb084c8556a4a8e46a1e4d8a223e9a4e,81,0.00,0.00,1 | 1 | 3,10 | 8 | 3,2024-02-11,2024-04-15,false
0x0e66bcf921a7a8b741c686b592e2699c97da4cbc,75,0.00,0.00,1 | 1 | 3,10 | 8 | 3,2024-02-11,2024-04-15,false
0x5a97c7d4e194556f77e1c937c2c4a99dc67c438a,71,0.00,0.00,1 | 1 | 4,13 | 9 | 3,2024-02-11,2024-04-15,false
0x5c4cf650d09b0bb02d73d4afbcc3d1a0d86588b8,62,0.00,0.00,1 | 1 | 3,9 | 6 | 3,2024-02-11,2024-04-15,false
0x7377e1d43eac5f18baf9d699a0c028cedfe1ca84,64,0.00,0.00,1 | 1 | 3,8 | 6 | 3,2024-02-11,2024-04-15,false
0x00045339fbf8665399aa25abe5104befffc5c0ea,66,0.00,0.00,1 | 2 | 4,11 | 7 | 3,2024-02-11,2024-04-14,false
0x50d455f5ab804c27dee2d9b91e64c991c147e161,79,0.00,0.00,1 | 1 | 3,9 | 7 | 3,2024-02-11,2024-04-15,false
0xc185eae36a85eec471c663ace21fd0953f9a4dc2,77,0.00,0.00,1 | 2 | 4,9 | 8 | 3,2024-02-11,2024-04-15,false
0x86b7315fd979d46568195785811f8476c2217900,68,0.00,0.00,1 | 1 | 3,10 | 6 | 3,2024-02-11,2024-04-14,false
0xd4e48d51afbe1c0144cb9abbc6795bf99b5d09ba,80,0.00,0.00,1 | 2 | 4,11 | 8 | 3,2024-02-11,2024-04-15,false
0xe7e08a7ad9da0c4754f27e06f4cecce557ee3898,37,0.00,0.00,1 | 1 | 3,8 | 6 | 3,2024-02-11,2024-04-15,false
0x3e59aecb91df69c6a634c7c2f48f837a427b6c55,85,0.00,0.00,1 | 1 | 3,9 | 8 | 3,2024-02-11,2024-04-15,false
0xf9208064aa8b11af023ac03a980b076089df1674,58,0.00,0.00,1 | 1 | 3,10 | 7 | 3,2024-02-11,2024-04-14,false
0x5b7393d41a6c2f6d608d2dbfbfe921fa90628de1,39,0.00,0.00,1 | 1 | 3,8 | 7 | 3,2024-02-11,2024-04-15,false
0xca4d4b8b9304cd1a5b9414eeb60cd1af2b65dc89,67,0.00,0.00,1 | 1 | 3,9 | 7 | 3,2024-02-11,2024-04-15,false
0xd28d4bf0ee16265fbacdc58a117bb9d163d8ef96,52,0.00,0.00,1 | 2 | 4,9 | 8 | 3,2024-02-11,2024-04-15,false
0xd81f39c1def853ac5fc187875d33a495855903f7,72,0.00,0.00,1 | 2 | 4,10 | 8 | 3,2024-02-11,2024-04-15,false
0x74d5154a57a7da2c6e2b9dc1e9aaee1f3812fbc8,67,0.00,0.00,1 | 1 | 3,8 | 6 | 3,2024-02-11,2024-04-14,false
0x9b7c02b6d63b138452b76a622bd477d36e03b66f,40,0.00,0.00,1 | 1 | 3,7 | 6 | 3,2024-02-11,2024-04-15,false
0xc82a2fdef71fae931f914ef0725cead3d4585ff0,47,0.00,0.00,1 | 1 | 3,9 | 6 | 3,2024-02-11,2024-04-15,false
0xaf761102a0ecf21385902561b6d04169daa10b3a,51,0.00,0.00,1 | 1 | 3,7 | 6 | 3,2024-02-11,2024-04-15,false
0x861ea9275025fc89216053dc0b67647a197c0b98,50,0.00,0.00,1 | 1 | 3,7 | 6 | 3,2024-02-11,2024-04-15,false
0xa709cba7627604418672c8e37f0b5a1d94531397,39,0.00,0.00,1 | 2 | 4,9 | 7 | 3,2024-02-11,2024-04-14,false
0xff78b4c19db4ebdf86dbda210943342bc0e2f45e,58,0.00,0.00,1 | 1 | 3,11 | 7 | 3,2024-02-11,2024-04-14,false
0x20e2515c159a665051538509a19be336f36294ee,100,0.00,0.00,1 | 1 | 3,12 | 7 | 3,2024-02-11,2024-04-14,false
0x8816d7b3ed932bab3c199c740f2c6fd90d62e51b,40,0.00,0.00,1 | 1 | 3,8 | 7 | 3,2024-02-11,2024-04-15,false
0x75f5f699e2f203a21d9989d5de73d378f63f6e4b,61,0.00,0.00,1 | 2 | 4,10 | 7 | 3,2024-02-11,2024-04-15,false
0x8ec1b4e05e1cfe304f4a566e35c7dd4a9e6df9c1,73,0.00,0.00,1 | 2 | 4,12 | 8 | 3,2024-02-11,2024-04-14,false
0x6c1e0951db3ed38783c8293ef100c6ce1d4a4f42,57,0.00,0.00,1 | 1 | 3,9 | 7 | 3,2024-02-11,2024-04-15,false
0x72dc43465abd85d6e08b1825f96748220d5e66d7,67,0.00,0.00,1 | 1 | 3,10 | 7 | 3,2024-02-11,2024-04-15,false
0x39d53d72b2e2a5c49dc8781d552c0225090d7098,60,0.00,0.00,1 | 1 | 3,10 | 7 | 3,2024-02-11,2024-04-14,false
0x8cf2ebaca758c9a4dfe98b5ab9b06772c50947cd,58,0.00,0.00,1 | 1 | 3,9 | 7 | 3,2024-02-11,2024-04-15,false
0x2ad0b17576b1cecf63622a645a091a787652ae17,71,0.00,0.00,1 | 1 | 3,9 | 6 | 3,2024-02-11,2024-04-14,false
0xfc5598f48d1cfa1e30169630b30e2d8abd2e57d3,57,0.00,0.00,1 | 2 | 4,9 | 7 | 3,2024-02-11,2024-04-14,false
0xc7f2dce7cf670e648f924cefa36e14be1232997e,63,0.00,0.00,1 | 1 | 3,10 | 7 | 3,2024-02-11,2024-04-15,false
0x86144e5015e1fc8137cc71f8973f5b32ac884c9b,40,0.00,0.00,1 | 2 | 4,9 | 7 | 3,2024-02-11,2024-04-14,false
0xb5a9a643c041bc418c498d3acc194a006793ae13,52,0.00,0.00,1 | 1 | 3,9 | 7 | 3,2024-02-11,2024-04-15,false
0xe3513453cfcbcb09c3ac0ca5c64613065c9751b5,47,0.00,0.00,1 | 2 | 4,10 | 8 | 3,2024-02-11,2024-04-15,false
0x83d4ede9f300216a4797d1ecc7f4c429b5534b37,47,0.00,0.00,1 | 1 | 3,9 | 7 | 3,2024-02-11,2024-04-14,false
0x45740a85b453800779c6b6a764cfee776559ae76,64,0.00,0.00,1 | 1 | 4,9 | 7 | 3,2024-02-11,2024-04-15,false
0x6902d4c96e646c3bf22d53e99274040eddd319fa,82,0.00,0.00,1 | 1 | 3,9 | 7 | 3,2024-02-11,2024-04-14,false
0x6e30b6751fffb03e124436d871bd4be0d447a4ab,76,0.00,0.00,1 | 1 | 3,9 | 6 | 3,2024-02-11,2024-04-14,false
0x4ba85d2705a442288ef082d8b526265334c0722c,57,0.00,0.00,1 | 1 | 3,9 | 7 | 3,2024-02-11,2024-04-14,false
0x1ed3acfb21b0a7ae9848e847597057c6356f0e08,65,0.00,0.00,1 | 1 | 4,11 | 6 | 3,2024-02-11,2024-04-15,false
0x378e3d3ece6017d94232ce4165c0faadf7a158a8,56,0.00,0.00,1 | 1 | 3,7 | 5 | 3,2024-02-11,2024-04-15,false
0x310f08ff3f52d1f6f5f195a9f04e494179fbcba8,75,0.00,0.00,1 | 2 | 4,10 | 7 | 3,2024-02-11,2024-04-15,false
0xd7961d41a9f8a5e364e0aeb76c616b89ae5156f7,86,0.00,0.00,1 | 1 | 3,9 | 5 | 3,2024-02-11,2024-04-15,false
0x5fea9f25cadd1e1979571bae8186019ae16bfa56,64,0.00,0.00,1 | 1 | 3,8 | 5 | 3,2024-02-11,2024-04-15,false
0x3626a6a16a8f360a0319dcb22266303ce4248340,55,0.00,0.00,1 | 1 | 3,9 | 5 | 3,2024-02-11,2024-04-15,false
0xd9602d516bb8f5542aa5990e9e424e73387fa0af,53,0.00,0.00,1 | 2 | 4,11 | 6 | 3,2024-02-11,2024-04-14,false
0x1a5e45ea6200d3a5b80f75e3226f0b2a6cd9162a,44,0.00,0.00,1 | 1 | 3,8 | 5 | 3,2024-02-12,2024-04-14,false
0x4872b79dd776ec3366eff96682b1e06a182e951c,41,0.00,0.00,1 | 1 | 3,8 | 5 | 3,2024-02-12,2024-04-15,false
0xf5e6c0ec6a4367e36226dd1f47068e159f2c0f0e,58,0.00,0.00,1 | 1 | 3,10 | 5 | 3,2024-02-12,2024-04-14,false
0x1b2ae63a759823adc9e6f054244a53e5d74d5345,65,0.00,0.00,1 | 1 | 3,8 | 5 | 3,2024-02-12,2024-04-15,false
0x5b859b9e19252b96ff9c463d7b9b3f3d1fb0430c,59,0.00,0.00,1 | 1 | 3,7 | 5 | 3,2024-02-12,2024-04-15,false
0xe978d0b8f705fa061e66134b896ecb486ebe6a8e,41,0.00,0.00,1 | 2 | 4,9 | 6 | 3,2024-02-12,2024-04-14,false
0xdb4f223d6029fa6af68185f5ce20e776021f3bf1,52,0.00,0.00,1 | 1 | 4,8 | 6 | 3,2024-02-12,2024-04-15,false
0xbb660f9d6407568b95f9f9df0ad847409d8bb371,56,0.00,0.00,1 | 2 | 4,10 | 6 | 3,2024-02-12,2024-04-15,false
0x0000df5e238888c4bcb8c52fd81f67e804992735,72,0.00,0.00,1 | 1 | 3,9 | 6 | 3,2024-02-12,2024-04-15,false
0xaf9df5c144bae5230e0ec6288bc927b43ea6fae7,54,0.00,0.00,1 | 1 | 4,10 | 7 | 3,2024-02-12,2024-04-15,false
0x764f5fa7657d721d0ef35e796f23b7bc05579a87,56,0.00,0.00,1 | 1 | 3,8 | 5 | 3,2024-02-12,2024-04-15,false
0x311fb4f6963316aefac887dfa8a7c47d39c38142,60,0.00,0.00,1 | 1 | 3,8 | 5 | 3,2024-02-12,2024-04-15,false
0xe9b0a2a0a9dcaadbb82b66eb058357c3c05b8b36,40,0.00,0.00,1 | 1 | 3,7 | 5 | 3,2024-02-12,2024-04-15,false
0x3e7564508c47054787e8dd9ac45ee8ed15056b42,79,0.00,0.00,1 | 1 | 3,12 | 7 | 3,2024-02-12,2024-04-15,false
0x4e55ae1606c03342bda5b8384eaa89e1c8833c4d,54,0.00,0.00,1 | 1 | 3,9 | 6 | 3,2024-02-12,2024-04-15,false
0x78557436e367f412864cd32486ba1758b025b043,50,0.00,0.00,1 | 1 | 3,9 | 6 | 3,2024-02-12,2024-04-15,false
0xb838a2a077f875c776b74f1cbc9a16adcf8aca97,42,0.00,0.00,1 | 1 | 3,9 | 6 | 3,2024-02-12,2024-04-14,false
0x8ea121e2ef3ab81af633b639613dc2975aeac804,62,0.00,0.00,1 | 2 | 4,8 | 6 | 3,2024-02-12,2024-04-15,false
0x98d7b756a8e7507c791be72308a40e86e56b1317,57,0.00,0.00,1 | 1 | 3,8 | 5 | 3,2024-02-12,2024-04-15,false
0x0000089a8cf24a8da12648c5d2bf89540d7e4288,83,0.00,0.00,1 | 1 | 4,10 | 7 | 3,2024-02-12,2024-04-15,false
0xacbbef553c0d2308c265728418855d035426ee0e,56,0.00,0.00,1 | 1 | 3,7 | 5 | 3,2024-02-12,2024-04-14,false
0xb3343361c50d003965a6de375103450a7e71fa3c,56,0.00,0.00,1 | 1 | 3,7 | 5 | 3,2024-02-12,2024-04-15,false
0x45b8c315b606f7600417fc771512eafcb7e77b03,63,0.00,0.00,1 | 1 | 3,10 | 6 | 3,2024-02-12,2024-04-14,false
0x187427c46507314192b7008e8f3b5328a615ecbe,41,0.00,0.00,1 | 1 | 3,8 | 5 | 3,2024-02-12,2024-04-14,false
0x72ad719a0dff7fbf2b50f821d1d716984c8759a4,43,0.00,0.00,1 | 2 | 4,9 | 6 | 3,2024-02-12,2024-04-14,false
0xe742cf94de63a007d21648b16ed1ca671ea19826,57,0.00,0.00,1 | 1 | 3,9 | 5 | 3,2024-02-12,2024-04-14,false
0x000094ede9addd3f990d23afcc85244f15a19802,78,0.00,0.00,1 | 1 | 3,9 | 5 | 3,2024-02-12,2024-04-14,false
0xbff9f50cb66d14c401a24d06782db73c8ddb5a68,55,0.00,0.00,1 | 2 | 4,9 | 7 | 3,2024-02-12,2024-04-15,false
0xc4dafa6102b8f3b8770166844c797af4aecc9a73,40,0.00,0.00,1 | 2 | 4,9 | 6 | 3,2024-02-12,2024-04-14,false
0xbdeeaa2b9f5553d4e66e1b90de560985f8fc790b,55,0.00,0.00,1 | 1 | 3,9 | 5 | 3,2024-02-12,2024-04-14,false
0x7d848261d312d43174e3997a9595ae0b536fd007,83,0.00,0.00,1 | 1 | 3,10 | 6 | 3,2024-02-12,2024-04-15,false
0x3f4f4d6834da890b9d25ce3835bc2123c1617d8d,54,0.00,0.00,1 | 1 | 4,10 | 6 | 3,2024-02-12,2024-04-14,false
0x006223b9c263014a6afd5d47d2728d22a8df84bf,58,0.00,0.00,1 | 1 | 3,11 | 5 | 3,2024-02-12,2024-04-14,false
0x0dbe5890a645bb81394fa82360b20a773dd5fea6,63,0.00,0.00,1 | 1 | 3,9 | 5 | 3,2024-02-12,2024-04-15,false
0x2a73bc2b6d108287e53a6c17c4a60bac7d8326c0,45,0.00,0.00,1 | 2 | 4,9 | 6 | 3,2024-02-12,2024-04-15,false
0x9d41efa7bb4573911cef94a5a67222d58bef3cc3,95,0.00,0.00,1 | 1 | 3,9 | 5 | 3,2024-02-12,2024-04-15,false
0x94472cb05c2157993964fc3db3fab375cff461c4,81,0.00,0.00,1 | 1 | 2,10 | 6 | 3,2024-02-12,2024-04-14,false
0xd4af71d55eaf9ff26c9c9a1ef1cd548dd56490e5,56,0.00,0.00,1 | 1 | 3,9 | 6 | 3,2024-02-12,2024-04-15,false
0x0000e99e6510215de44578efa4235e3937a48e75,52,0.00,0.00,1 | 1 | 3,9 | 6 | 3,2024-02-12,2024-04-15,false
0x0375010372f8fbbdc7699e237ae68cb243ba4be6,45,0.00,0.00,1 | 2 | 4,8 | 6 | 3,2024-02-12,2024-04-15,false
0x3874f7a619b2da3f5ae298e566195a7f6b24d20a,48,0.00,0.00,1 | 1 | 4,10 | 7 | 3,2024-02-12,2024-04-15,false
0x1e1017c11ef506e3da405ec11c0e50ddf02577a1,78,0.00,0.00,1 | 2 | 4,10 | 6 | 3,2024-02-12,2024-04-14,false
0xb04f9644b2532d12bef26826213a15d797e68531,56,0.00,0.00,1 | 1 | 3,9 | 5 | 3,2024-02-12,2024-04-14,false
0x2c355af05a4714c46aba77d173518ad7a40d93b7,37,0.00,0.00,1 | 2 | 4,8 | 6 | 3,2024-02-12,2024-04-14,false
0x00003da18fe172c423fab15f33fc4873a5a6f543,78,0.00,0.00,1 | 2 | 4,10 | 6 | 3,2024-02-12,2024-04-15,false
0x67cd1dd7bda96db70e953a10a3fb2a0f7cc3ef74,61,0.00,0.00,1 | 1 | 3,10 | 6 | 3,2024-02-12,2024-04-14,false
0x00003b133510b80d913f251fee582258a60cfc69,57,0.00,0.00,1 | 1 | 3,7 | 5 | 3,2024-02-12,2024-04-15,false
0x961d59cc2fc80b6ced8e72e52b964809a9fd1571,61,0.00,0.00,1 | 1 | 4,12 | 6 | 3,2024-02-12,2024-04-14,false
0x9fbe2681f875b39f65df90b145419d61244bd555,49,0.00,0.00,1 | 1 | 3,8 | 5 | 3,2024-02-12,2024-04-14,false
0x816fa43b31d457d8e9cc02bc52c826b5816c912c,44,0.00,0.00,1 | 1 | 3,8 | 5 | 3,2024-02-12,2024-04-15,false
0x0b3eafb327a983ddc720801a66b62ca6263ae462,66,0.00,0.00,1 | 1 | 3,10 | 6 | 3,2024-02-12,2024-04-14,false
0x3035df5ac3e40cbf1461ef3798d2296d56f4d3fb,54,0.00,0.00,1 | 1 | 3,9 | 6 | 3,2024-02-12,2024-04-15,false
0xb578990de6d14efb6822a9fe6eedad744765b3c4,78,0.00,0.00,1 | 2 | 4,12 | 7 | 3,2024-02-12,2024-04-14,false
0x4cd348470ba83f6d569c8d88a49e67be9efb25d6,37,0.00,0.00,1 | 1 | 3,8 | 5 | 3,2024-02-12,2024-04-15,false
0x43d428ec61a5cfdde5513a7a4261ffd163e59e43,65,0.00,0.00,1 | 2 | 4,10 | 7 | 3,2024-02-12,2024-04-14,false
0x67d7c32acae5662744e1fecd6ac58aad9ede29a1,61,0.00,0.00,1 | 2 | 4,10 | 7 | 3,2024-02-12,2024-04-14,false
0x908ed159796f2136fa4db12324714d106e0508f3,63,0.00,0.00,1 | 1 | 4,9 | 6 | 3,2024-02-12,2024-04-15,false
0x57d4302751d8217821b0b3d937e760207f3b879f,48,0.00,0.00,1 | 1 | 4,10 | 6 | 3,2024-02-12,2024-04-14,false
0x8b2f5af68b5116d3417475729a6e25cc56ad1e6b,55,0.00,0.00,1 | 1 | 3,8 | 5 | 3,2024-02-12,2024-04-15,false
0x2545d464f9111e88278abdbcd632d8199739952c,55,0.00,0.00,1 | 2 | 4,8 | 6 | 3,2024-02-12,2024-04-15,false
0x43505d412d2b2853f39905c89f17eda1d61807e3,61,0.00,0.00,1 | 1 | 3,10 | 7 | 3,2024-02-12,2024-04-14,false
0x78d0a71a6dadb10a06ba6c4349edcfc8be290db6,79,0.00,0.00,1 | 2 | 4,11 | 7 | 3,2024-02-12,2024-04-15,false
0xe16348a1c1dfa72d91b1e07a4c19337b9b198c55,63,0.00,0.00,1 | 2 | 4,9 | 6 | 3,2024-02-12,2024-04-14,false
0xb65dd7b5e0b0c7ddeeae32c2e00dc9e1603a240c,49,0.00,0.00,1 | 1 | 3,9 | 6 | 3,2024-02-12,2024-04-15,false
0x27c9e8886b327eae168513b2800f8bf3e4ce439d,51,0.00,0.00,1 | 1 | 3,9 | 5 | 3,2024-02-12,2024-04-14,false
0xd7e7f023c07cd408169800aae40eafca207d3e4e,65,0.00,0.00,1 | 1 | 3,10 | 6 | 3,2024-02-12,2024-04-14,false
0xe3c63d809953c3a8ab3182b6f054b5215eea04d5,51,0.00,0.00,1 | 2 | 4,10 | 7 | 3,2024-02-12,2024-04-15,false
0x460a71a6c58923a6c3ead5b5e73768409b5ad0e8,53,0.00,0.00,1 | 2 | 4,9 | 6 | 3,2024-02-12,2024-04-15,false
0x2bc8c6d6c9a5a2c9b73ddeeb5aa93af89845ac12,67,0.00,0.00,1 | 1 | 4,9 | 6 | 3,2024-02-12,2024-04-15,false
0x54af703fa13ae5dd98b5a70b8e8edc3c2eae3ea1,42,0.00,0.00,1 | 2 | 4,10 | 7 | 3,2024-02-12,2024-04-15,false
0x2940989abb4fff468098af994e60c67751d02d34,57,0.00,0.00,1 | 1 | 4,10 | 7 | 3,2024-02-12,2024-04-15,false
0x000014fd94ce58eb233377aa4ac4562ce4b524fe,61,0.00,0.00,1 | 1 | 3,8 | 5 | 3,2024-02-12,2024-04-15,false
0x3d33135e5566950d737d0ee2afda42fbd2c91f97,70,0.00,0.00,1 | 1 | 3,10 | 6 | 3,2024-02-12,2024-04-15,false
0xe6a356daf05ccf556ccd4de66936a9ccfeaf69d6,69,0.00,0.00,1 | 1 | 3,9 | 5 | 3,2024-02-12,2024-04-15,false
0xf0ce5ef54a189dde8725847588f3696afa97bce0,56,0.00,0.00,1 | 1 | 4,9 | 6 | 3,2024-02-12,2024-04-15,false
0xd7ccecb489b9f96ee1ef91727d3936294a327e94,52,0.00,0.00,1 | 2 | 4,9 | 6 | 3,2024-02-12,2024-04-15,false
0xaddc7f02eff1f9393e8f689219b68ef9dc0b7db7,83,0.00,0.00,1 | 2 | 4,10 | 6 | 3,2024-02-12,2024-04-14,false
0x8ad439fdd2f0153713bc38ab374894ecf086dd77,70,0.00,0.00,1 | 1 | 4,9 | 6 | 3,2024-02-12,2024-04-15,false
0x0000f7220527597991942900f4c0ba1845998fdc,38,0.00,0.00,1 | 1 | 4,9 | 6 | 3,2024-02-12,2024-04-14,false
0x7a226a2c78ba181f5179e7c01b718f82a219cd11,48,0.00,0.00,1 | 1 | 3,9 | 5 | 3,2024-02-12,2024-04-14,false
0x000001eb796a0b55466fdc2fcf244e43d480e3c6,61,0.00,0.00,1 | 1 | 4,10 | 7 | 3,2024-02-12,2024-04-14,false
0x000068f4ac1c7763c8af0d6c47901c8f07d2c4fc,63,0.00,0.00,1 | 2 | 4,11 | 8 | 3,2024-02-12,2024-04-15,false
0xb04c7b0d7a3fc2620cf768129b762a38557703bc,58,0.00,0.00,1 | 1 | 3,11 | 7 | 3,2024-02-12,2024-04-15,false
0x7c96101bcc7bf20ef9c37872e1a0f3c4f300fc66,63,0.00,0.00,1 | 1 | 3,10 | 5 | 3,2024-02-12,2024-04-14,false
0x07b8e09153119308342d416661444c1811072cfa,102,0.00,0.00,1 | 2 | 4,12 | 8 | 3,2024-02-12,2024-04-15,false
0x1eb54d6e9aa63f0584fbc4fa23a0e453058b806d,48,0.00,0.00,1 | 2 | 4,10 | 7 | 3,2024-02-12,2024-04-15,false
0x7c349e22cb4356bd4f85cef3284b881e1d76fa7e,73,0.00,0.00,1 | 1 | 4,11 | 7 | 3,2024-02-12,2024-04-15,false
0x00006e6204b89348368ca96e453adfc2bcd4929d,60,0.00,0.00,1 | 1 | 3,9 | 6 | 3,2024-02-12,2024-04-15,false
0xacf7e9812e862144749475d3c985d4aa9e1c8d41,51,0.00,0.00,1 | 1 | 4,10 | 7 | 3,2024-02-12,2024-04-15,false
0x0000151c98660c96600d476cf2931b4ad1647f12,51,0.00,0.00,1 | 1 | 3,9 | 6 | 3,2024-02-12,2024-04-14,false
0x1051f03b94916db965cc2fa5d95cd1745b470804,74,0.00,0.00,1 | 1 | 3,8 | 5 | 3,2024-02-12,2024-04-14,false
0xf57993342e62ce306d78b65cace83d466186e5de,64,0.00,0.00,1 | 1 | 3,10 | 6 | 3,2024-02-12,2024-04-15,false
0x435242b482fbd76d1498abf8fd300f384cd83ccb,67,0.00,0.00,1 | 1 | 3,9 | 5 | 3,2024-02-12,2024-04-14,false
0x90cf9afdbc3dd7b03c094f251da1b1f31502b74d,81,0.00,0.00,1 | 2 | 4,10 | 7 | 3,2024-02-12,2024-04-15,false
0x10398994c59242fe233facde73ea50a6e6b74cd3,56,0.00,0.00,1 | 2 | 4,10 | 8 | 3,2024-02-12,2024-04-14,false
0x138defce91d0cae520902306f6a85dcea58678ad,55,0.00,0.00,1 | 1 | 3,8 | 6 | 3,2024-02-12,2024-04-14,false
0x6c99021fe0984d446ebf29c27f88eab916e21128,51,0.00,0.00,1 | 1 | 3,9 | 6 | 3,2024-02-12,2024-04-14,false
0x6a8045270b65578920c9eebcbe7e18a3b77e7c3d,71,0.00,0.00,1 | 1 | 3,10 | 6 | 3,2024-02-12,2024-04-15,false
0x2a7af45b4f7515cb0ecf3867b4898ecf731bb542,40,0.00,0.00,1 | 1 | 3,7 | 5 | 3,2024-02-12,2024-04-15,false
0x9f06487a28a8b43831a8ba9b1b297bb7535e0462,61,0.00,0.00,1 | 2 | 4,10 | 7 | 3,2024-02-12,2024-04-15,false
0xc9aceaef5d09e7a5442ab6ee0bfb2d549c79e775,48,0.00,0.00,1 | 2 | 4,9 | 7 | 3,2024-02-12,2024-04-15,false
0x79e2fbecb6780d731cfa17583b5c060723469ab8,51,0.00,0.00,1 | 2 | 4,9 | 6 | 3,2024-02-12,2024-04-14,false
0x00003bbc9f49f73107f92521f3917b2cc6dc428c,67,0.00,0.00,1 | 1 | 3,10 | 6 | 3,2024-02-12,2024-04-14,false
0x759ae49416371b98576575b7ba19c9113af357b5,61,0.00,0.00,1 | 1 | 3,11 | 7 | 3,2024-02-12,2024-04-15,false
0x3681ad6741e67d5cf33f3cc9101783141e02e3b8,59,0.00,0.00,1 | 1 | 4,10 | 7 | 3,2024-02-12,2024-04-15,false
0xa2149d13d62f14b58afbfc6164557f1908c8b89e,47,0.00,0.00,1 | 2 | 4,9 | 6 | 3,2024-02-12,2024-04-14,false
0x0626861bf29a674e22af44953cca16f08759df80,48,0.00,0.00,1 | 1 | 3,9 | 6 | 3,2024-02-12,2024-04-14,false
0xb89bebdf91dcda7e152d179ac39f883940347307,56,0.00,0.00,1 | 1 | 3,8 | 5 | 3,2024-02-12,2024-04-15,false
0x000008fc35462f1ae63aaed346e45fd8c376b7f1,49,0.00,0.00,1 | 1 | 4,9 | 6 | 3,2024-02-12,2024-04-14,false
0x0000f509129b25635487ae02b74c651d27638d9e,85,0.00,0.00,1 | 1 | 4,10 | 7 | 3,2024-02-12,2024-04-14,false
0x7764f64ee2e70b5c115539cdf11e525fe5f90197,105,0.00,0.00,1 | 1 | 4,11 | 7 | 3,2024-02-12,2024-04-15,false
0x9fdf6e8d8167449093e6f670e9292da4a07d15de,72,0.00,0.00,1 | 1 | 3,10 | 6 | 3,2024-02-12,2024-04-14,false
0xe10d77c4fe328abddf5225a8ca963b2806606cd3,56,0.00,0.00,1 | 2 | 4,10 | 6 | 3,2024-02-12,2024-04-14,false
0x00008500fffdac833f8966645d0327d9d1a77bac,48,0.00,0.00,1 | 2 | 4,9 | 6 | 3,2024-02-12,2024-04-14,false
0x18c81569e0b1ffa16f901708e461ecbd1a836b13,63,0.00,0.00,1 | 1 | 3,10 | 6 | 3,2024-02-12,2024-04-15,false
0xa7de2dad1bf90d59a2fa99e6ccab6e5c9c3c0dd9,44,0.00,0.00,1 | 1 | 3,8 | 5 | 3,2024-02-12,2024-04-15,false
0x00007ca40535ec869c3e2c0cee3fb6feb39ef0d2,73,0.00,0.00,1 | 1 | 3,8 | 5 | 3,2024-02-12,2024-04-15,false
0x1106153f1f781d4fd6618ff378a237a2d3e72e89,85,0.00,0.00,1 | 2 | 4,12 | 7 | 3,2024-02-12,2024-04-14,false
0x12a2a44e700d791b167cd12019214638fa18da3d,54,0.00,0.00,1 | 1 | 3,8 | 6 | 3,2024-02-12,2024-04-14,false
0xbd3d213c8f0d6bf13ed3b224e4bbde85fd4ba73c,57,0.00,0.00,1 | 2 | 4,10 | 7 | 3,2024-02-12,2024-04-15,false
0x8fd56b70f05f60c7e3861cc9e21e69760a803fdb,44,0.00,0.00,1 | 2 | 4,8 | 6 | 3,2024-02-12,2024-04-14,false
0x06ad932c3dd0ee78ed621c55440803e9293944ab,48,0.00,0.00,1 | 1 | 3,8 | 5 | 3,2024-02-12,2024-04-15,false
0x47952dc33da780e0e56919e95f5e196d764cf074,48,0.00,0.00,1 | 2 | 4,8 | 6 | 3,2024-02-12,2024-04-14,false
0x4971a20b2c0da0d502313fa96f7e7e7950de9749,51,0.00,0.00,1 | 2 | 4,11 | 7 | 3,2024-02-12,2024-04-14,false
0x2b58221092ff979d92062de7e58c8f5a3295919f,50,0.00,0.00,1 | 1 | 3,8 | 5 | 3,2024-02-12,2024-04-15,false
0x255a242bcaac886a5a5319a1944f90193b5ef270,57,0.00,0.00,1 | 1 | 3,9 | 6 | 3,2024-02-12,2024-04-14,false
0xc7b75c29193f9bc82ac2c96714d8425b76e40a4a,56,0.00,0.00,1 | 2 | 4,8 | 6 | 3,2024-02-12,2024-04-15,false
0x47960b8a625a0170e1f8e42a8c73a4ec2d6bf97c,84,0.00,0.00,1 | 1 | 3,9 | 6 | 3,2024-02-12,2024-04-15,false
0x0000eafe741e41dcdd8d55f5fd539a51d1ec92e4,50,0.00,0.00,1 | 1 | 3,10 | 5 | 3,2024-02-12,2024-04-14,false
0xd383b66210c326ff20700b6ae24f714f04470657,43,0.00,0.00,1 | 2 | 4,11 | 7 | 3,2024-02-12,2024-04-15,false
0xb4c0ec2b383ae80d920c1f272ff90fc96a3938c4,72,0.00,0.00,1 | 1 | 3,10 | 6 | 3,2024-02-12,2024-04-15,false
0x1aecf1ba6b66fa265386af0adc24a22c7597b630,55,0.00,0.00,1 | 1 | 3,8 | 6 | 3,2024-02-12,2024-04-14,false
0xb2ec39d99063cc4a58845950d258e0df8363ba11,83,0.00,0.00,1 | 1 | 3,9 | 6 | 3,2024-02-12,2024-04-15,false
0x4c19e0d8d4b76299426214a8924cdff8c2591af5,54,0.00,0.00,1 | 1 | 3,10 | 5 | 3,2024-02-12,2024-04-14,false
0xd398fbef54f730246c398fe814814f8afd8b4a40,65,0.00,0.00,1 | 2 | 4,10 | 7 | 3,2024-02-12,2024-04-14,false
0xcf75b838449045ba90d4c839559e5a3662e7da14,44,0.00,0.00,1 | 2 | 4,10 | 7 | 3,2024-02-12,2024-04-15,false
0xb0c93d022a72f05c44dd50bd07eee21e91b0a530,43,0.00,0.00,1 | 1 | 3,8 | 5 | 3,2024-02-12,2024-04-15,false
0xd8a90d49a925912210dc3211291453a7f2001017,59,0.00,0.00,1 | 1 | 3,8 | 5 | 3,2024-02-12,2024-04-15,false
0x9089cea23e0f36d9d73c12cea252aeb15e7b6d86,62,0.00,0.00,1 | 1 | 3,11 | 7 | 3,2024-02-12,2024-04-15,false
0x5d49f03360d555ada12823f561b961b2ce58b86e,47,0.00,0.00,1 | 1 | 3,9 | 6 | 3,2024-02-12,2024-04-15,false
0xb50ba79e74191c2f07973ad8f45a9d0b04bb30a5,33,0.00,0.00,1 | 2 | 4,9 | 6 | 3,2024-02-12,2024-04-15,false
0x3ef4610882da281d140b0c8bf60518166c38b936,48,0.00,0.00,1 | 1 | 3,9 | 6 | 3,2024-02-12,2024-04-15,false
0x9306fdbe230cce599883a18abcd13fa3eaa5d6c0,88,0.00,0.00,1 | 1 | 3,9 | 7 | 3,2024-02-12,2024-04-15,false
0xb7ec9db5904afa8ec0843a6e61c100133d33d41b,48,0.00,0.00,1 | 1 | 3,9 | 5 | 3,2024-02-12,2024-04-14,false
0xb495d38022dbf9ca19969e504820a6238849c496,70,0.00,0.00,1 | 2 | 4,10 | 7 | 3,2024-02-12,2024-04-15,false
0xdef7e13b7424ff7d32253d66b15834aefae78477,40,0.00,0.00,1 | 2 | 4,9 | 6 | 3,2024-02-12,2024-04-14,false
0x0a276926394aa5ed7d4a3e5adac26eeda0ac0921,49,0.00,0.00,1 | 1 | 3,7 | 5 | 3,2024-02-12,2024-04-14,false
0x1ecbde0e39479a913ec25362c22f6725be561bea,56,0.00,0.00,1 | 1 | 3,9 | 5 | 3,2024-02-12,2024-04-15,false
0x52e1cf346148bebca6071233a371d92759af4fd2,68,0.00,0.00,1 | 1 | 4,11 | 6 | 3,2024-02-12,2024-04-14,false
0x6cd3a64c9e3a3096afd1d65ab3183f6650d58bcd,79,0.00,0.00,1 | 2 | 4,13 | 8 | 3,2024-02-12,2024-04-15,false
0x8db278c61be149ae8a108a9640a077a3376ba59f,50,0.00,0.00,1 | 1 | 3,9 | 6 | 3,2024-02-12,2024-04-15,false
0xec24de0c15965edb17f7b931c6e0193971669141,102,0.00,0.00,1 | 1 | 3,11 | 7 | 3,2024-02-12,2024-04-14,false
0xb295550f5f425a3be42a83eb271a3d5fa2ae8fc9,47,0.00,0.00,1 | 1 | 3,8 | 6 | 3,2024-02-12,2024-04-15,false
0xbb8b88288c8144322b4d134626ae84aa7de1b784,67,0.00,0.00,1 | 1 | 3,10 | 7 | 3,2024-02-12,2024-04-15,false
0xc6407a83eb204fdfda60cf4e3daf3226d6bf567c,42,0.00,0.00,1 | 2 | 4,9 | 6 | 3,2024-02-12,2024-04-15,false
0x70ed24e77b43f72ab4605847865669feaecb1b77,65,0.00,0.00,1 | 1 | 3,9 | 6 | 3,2024-02-12,2024-04-15,false
0x81b9d6612c5eaa73844429694629411e04221004,57,0.00,0.00,1 | 1 | 3,9 | 6 | 3,2024-02-12,2024-04-15,false
0x53a4a7e810b6a2811a2718a30f334e90fdbc5d4d,39,0.00,0.00,1 | 1 | 3,9 | 5 | 3,2024-02-12,2024-04-14,false
0x3ee453390e7529d771b4edaf1f3fadc07b82461b,58,0.00,0.00,1 | 1 | 4,11 | 7 | 3,2024-02-12,2024-04-15,false
0xa3238b10afc110d797c4dd4fd416e7e41529598a,42,0.00,0.00,1 | 2 | 4,10 | 7 | 3,2024-02-12,2024-04-15,false
0x000090c9bf9e3fc3c9946aaeb4502f4f75f0ac2c,53,0.00,0.00,1 | 2 | 4,9 | 6 | 3,2024-02-12,2024-04-15,false
0xad3f007bed332f6ea3ba19eaf4d7b66ad0c8d73e,37,0.00,0.00,1 | 1 | 3,9 | 6 | 3,2024-02-12,2024-04-15,false
0x2899a278f80167e92a5bcfbabcd197491e052432,73,0.00,0.00,1 | 1 | 3,8 | 6 | 3,2024-02-12,2024-04-14,false
0xfe66dfb0f051d51a91a108d3c4277c68117c1cab,53,0.00,0.00,1 | 1 | 3,10 | 7 | 3,2024-02-12,2024-04-15,false
0x0000c828fe55856ffd72ca5572654eb23403a6ac,58,0.00,0.00,1 | 2 | 4,11 | 7 | 3,2024-02-12,2024-04-15,false
0x1dfd6ed4c42c530ed30062c847b9f80661e1180b,41,0.00,0.00,1 | 1 | 3,9 | 6 | 3,2024-02-12,2024-04-15,false
0x9d10a0f489105f7181fb8054c58490c7a09cc151,48,0.00,0.00,1 | 2 | 4,9 | 7 | 3,2024-02-12,2024-04-15,false
0x6488a30d8a6f35e7819cddb5d028bfad94fb056a,61,0.00,0.00,1 | 1 | 3,8 | 5 | 3,2024-02-12,2024-04-15,false
0x10b31ca48b12be55890a0749bda72dbf08ad7dfe,57,0.00,0.00,1 | 1 | 3,8 | 6 | 3,2024-02-12,2024-04-15,false
0x0efaa292e16a3491a440dc886b1278cc9be81ccf,50,0.00,0.00,1 | 1 | 3,11 | 7 | 3,2024-02-12,2024-04-15,false
0x0b2ce689b0286414058609b590c395cd79c18621,58,0.00,0.00,1 | 1 | 3,9 | 6 | 3,2024-02-12,2024-04-15,false
0x79709f6fbd08a82749d88c5de0b19b80276f71e6,75,0.00,0.00,1 | 1 | 3,10 | 7 | 3,2024-02-12,2024-04-15,false
0x70b15b90dd12a1a3df08127a7c51d603161be523,57,0.00,0.00,1 | 1 | 3,8 | 5 | 3,2024-02-12,2024-04-15,false
0xcf60b483e79e51ce10f93ad272067624112f8ab3,62,0.00,0.00,1 | 1 | 3,9 | 6 | 3,2024-02-12,2024-04-15,false
0xffa2f768c5bdce6ae06f8641632e3c62f3e8c648,45,0.00,0.00,1 | 1 | 3,7 | 5 | 3,2024-02-12,2024-04-14,false
0xe6e4be80e7140eebe70fd904bb70fc9223b28d20,57,0.00,0.00,1 | 1 | 3,9 | 6 | 3,2024-02-12,2024-04-14,false
0x92985b610248e4f3043958c90fc8194b42d6b5c5,67,0.00,0.00,1 | 1 | 3,9 | 5 | 3,2024-02-12,2024-04-14,false
0x0000f9ad0d8d8dc46ce91045329062cd164509cc,74,0.00,0.00,1 | 2 | 4,9 | 6 | 3,2024-02-12,2024-04-15,false
0x7f9c9257ea954bd53b817857392d317e85520888,63,0.00,0.00,1 | 2 | 4,11 | 7 | 3,2024-02-12,2024-04-15,false
0x18dee126930b028c1277c5909dcb99f0c08fd399,58,0.00,0.00,1 | 1 | 4,11 | 8 | 3,2024-02-12,2024-04-15,false
0x2204461712ad65f45f668e1fdeb69a9605239d7c,66,0.00,0.00,1 | 1 | 3,10 | 6 | 3,2024-02-12,2024-04-14,false
0xd13376d567def13b26cf18ac520c8e2747e17c48,43,0.00,0.00,1 | 1 | 3,9 | 6 | 3,2024-02-12,2024-04-15,false
0x4aba4c82a016c46d10c0428f527cacbfc8e2735a,58,0.00,0.00,1 | 1 | 3,10 | 6 | 3,2024-02-12,2024-04-15,false
0xdb8c3232b8a47773cbe7e7e405e271cf64fafcbf,47,0.00,0.00,1 | 1 | 3,8 | 5 | 3,2024-02-12,2024-04-15,false
0x7ffc16c16eae7e5dcdf6610dc3941be732737de6,73,0.00,0.00,1 | 2 | 4,10 | 7 | 3,2024-02-12,2024-04-15,false
0x0000688188439fa53b7456439c0e4730a29812e6,53,0.00,0.00,1 | 1 | 3,8 | 5 | 3,2024-02-12,2024-04-14,false
0xf0002692567f3104a6d8f35e3c1bb44cd5598a53,64,0.00,0.00,1 | 1 | 4,9 | 6 | 3,2024-02-12,2024-04-15,false
0x293430e13d160746fe226cc6019028f7e232a56f,70,0.00,0.00,1 | 1 | 3,9 | 6 | 3,2024-02-12,2024-04-15,false
0x00008a461f64c03398845ba938301fbab3ebeb78,79,0.00,0.00,1 | 2 | 4,11 | 7 | 3,2024-02-12,2024-04-15,false
0x26aabe1a3a5cc986e817af17e945cc9fc6dcb5f9,82,0.00,0.00,1 | 1 | 3,10 | 7 | 3,2024-02-12,2024-04-15,false
0x000003398fef59d12167ceed0cee73d67a013429,54,0.00,0.00,1 | 2 | 4,9 | 6 | 3,2024-02-12,2024-04-15,false
0x1c60471be96871e4f68197a309954fee88fed2ed,74,0.00,0.00,1 | 2 | 4,9 | 7 | 3,2024-02-12,2024-04-15,false
0x60a678f1015cfdd77eac39bf3fe6866bb106c8ee,62,0.00,0.00,1 | 1 | 3,7 | 5 | 3,2024-02-12,2024-04-14,false
0x9e83bec7b4f69482164b38d62bcd93b75353a675,50,0.00,0.00,1 | 1 | 3,9 | 6 | 3,2024-02-12,2024-04-15,false
0xcd7aaae458fe5d27a6fc6eab97017d94d32f8b5f,55,0.00,0.00,1 | 1 | 3,10 | 5 | 3,2024-02-12,2024-04-14,false
0x07cd55223996857313c76d5cd883b3f9cc198b7e,55,0.00,0.00,1 | 1 | 3,9 | 5 | 3,2024-02-12,2024-04-15,false
0x133b0e635b6196b29c73f261558efdea2244e28b,71,0.00,0.00,1 | 2 | 4,10 | 7 | 3,2024-02-12,2024-04-15,false
0x84922d3c540d7b1aa74b8db31670af47948e6683,42,0.00,0.00,1 | 1 | 3,8 | 6 | 3,2024-02-12,2024-04-15,false
0x9778e693323bb8c6a445821922f39dec0bc02e22,54,0.00,0.00,1 | 1 | 3,9 | 5 | 3,2024-02-12,2024-04-14,false
0xe0075b99c1ce70bf5dea1448da190117ea0ca289,55,0.00,0.00,1 | 1 | 3,9 | 6 | 3,2024-02-12,2024-04-15,false
0x63a8bafbef9a0d0e5fdfc52a5ca9d1ec9446cdae,60,0.00,0.00,1 | 2 | 4,10 | 7 | 3,2024-02-12,2024-04-15,false
0x41b9ee89d61005e0a72ce81a9557f043eaf04704,58,0.00,0.00,1 | 1 | 3,9 | 6 | 3,2024-02-12,2024-04-14,false
0x9b0fccdd1e550927ab71a950b1be106abd722b93,64,0.00,0.00,1 | 1 | 3,9 | 6 | 3,2024-02-12,2024-04-15,false
0x777fe6a4bd2c1650bc6da687aeb4164f7e15a5b1,66,0.00,0.00,1 | 1 | 3,8 | 5 | 3,2024-02-12,2024-04-14,false
0x3f99bafa88f3013476c4701c9b5300c3b193acd1,61,0.00,0.00,1 | 2 | 4,11 | 6 | 3,2024-02-12,2024-04-14,false
0x8cbe44341b6085fec31dbc87a848b045bf812015,50,0.00,0.00,1 | 2 | 4,10 | 6 | 3,2024-02-12,2024-04-15,false
0x0000baa8de7d489cbc16ef948827d1232d33a133,76,0.00,0.00,1 | 1 | 3,9 | 5 | 3,2024-02-12,2024-04-15,false
0x0000efabd200c630b427c0aef5f40233202a3b63,63,0.00,0.00,1 | 1 | 4,11 | 7 | 3,2024-02-12,2024-04-15,false
0x85af5ee9a55b01d19de87abe2af03d8213ce014e,41,0.00,0.00,1 | 1 | 3,8 | 7 | 3,2024-02-12,2024-04-15,false
0xa731f6970043898a8c276892d80f94450aaafd41,42,0.00,0.00,1 | 1 | 3,8 | 5 | 3,2024-02-12,2024-04-15,false
0xfcf9d944292799bc0bc84735889dfe4da48fd21a,87,0.00,0.00,1 | 1 | 4,11 | 8 | 3,2024-02-12,2024-04-15,false
0xa940a4265faef1b9b44438657c63372d6da0afda,69,0.00,0.00,1 | 1 | 3,8 | 5 | 3,2024-02-12,2024-04-15,false
0xfbc55a99819f6c5a04ca3470a0becb23a0372f7b,57,0.00,0.00,1 | 1 | 3,10 | 6 | 3,2024-02-12,2024-04-14,false
0x5baae179ae5f02bd70f9e165d59bab30655be828,69,0.00,0.00,1 | 2 | 4,10 | 6 | 3,2024-02-12,2024-04-14,false
0xa122744ec774698692a9a3ecba7afb9ff4dcd2d0,64,0.00,0.00,1 | 2 | 4,9 | 7 | 3,2024-02-12,2024-04-15,false
0x7973e5b8ed909867788242f28da825851ac2fc6d,53,0.00,0.00,1 | 1 | 3,9 | 6 | 3,2024-02-12,2024-04-15,false
0x5b41968d36d742fd5a0e83994b41985f4a531bf4,70,0.00,0.00,1 | 1 | 3,11 | 6 | 3,2024-02-12,2024-04-15,false
0x26b6c205f04ece82829e97de3ee921ec7f6e785a,77,0.00,0.00,1 | 1 | 3,10 | 7 | 3,2024-02-12,2024-04-15,false
0xa363f2603083769fecaf998cf209ab74a069a497,59,0.00,0.00,1 | 2 | 4,10 | 7 | 3,2024-02-12,2024-04-15,false
0x86f09f4ae3bfda9c32137eb48947a5d14e6bb9da,45,0.00,0.00,1 | 1 | 3,9 | 6 | 3,2024-02-12,2024-04-15,false
0xd08629e620b4b0ec9c60db426089b27c56a05b5a,59,0.00,0.00,1 | 2 | 4,8 | 6 | 3,2024-02-12,2024-04-15,false
0x1409597c83174bec6f940bb242686b87adc9ecea,59,0.00,0.00,1 | 2 | 4,10 | 7 | 3,2024-02-12,2024-04-14,false
0xa8669812c97e68346dcebceed6f3cd96706a52e3,40,0.00,0.00,1 | 1 | 3,7 | 5 | 3,2024-02-12,2024-04-14,false
0x25c7686abb46c27d54cc31a1a0e533bdede58e99,73,0.00,0.00,1 | 1 | 3,11 | 6 | 3,2024-02-12,2024-04-14,false
0x200e08b32c064ee5c10993ce2bec784b31f47ad3,89,0.00,0.00,1 | 1 | 3,9 | 6 | 3,2024-02-12,2024-04-15,false
0xcb86981271a2c66db5f1afc66e4b011b0e916b0f,63,0.00,0.00,1 | 1 | 3,10 | 7 | 3,2024-02-12,2024-04-15,false
0xa2fd8e127d8f8bed8ca866d1ce6bcc41d56cf95b,50,0.00,0.00,1 | 1 | 3,7 | 4 | 3,2024-02-12,2024-04-15,false
0x93e03512c22c0a9485b86991489a6108a82964ca,60,0.00,0.00,1 | 1 | 4,10 | 7 | 3,2024-02-12,2024-04-15,false
0x577d650801ad616fe716d45f8158de823ba6f342,59,0.00,0.00,1 | 1 | 4,12 | 7 | 3,2024-02-12,2024-04-15,false
0x4d55a5ca2681fe23f642e00bf4b36a1a135728bd,47,0.00,0.00,1 | 1 | 3,9 | 6 | 3,2024-02-12,2024-04-14,false
0xc1c9c7a5c2ebb583a31b822f58d2b4ad467d02b5,36,0.00,0.00,1 | 1 | 3,9 | 6 | 3,2024-02-12,2024-04-14,false
0x16473f7ef8a5a8aed6631aa7450bc1d30883e949,72,0.00,0.00,1 | 1 | 3,11 | 5 | 3,2024-02-12,2024-04-14,false
0x2fd9b5d0554255e3fa396e6fbe359dc237397d29,42,0.00,0.00,1 | 2 | 4,9 | 6 | 3,2024-02-12,2024-04-14,false
0x3f427ba92c5ae792f8fb9fa5a7704dbcb536cff0,49,0.00,0.00,1 | 2 | 4,11 | 6 | 3,2024-02-12,2024-04-14,false
0x3b1e29853ef1ed4417e5dd219a47f60166768c59,68,0.00,0.00,1 | 1 | 3,10 | 7 | 3,2024-02-12,2024-04-15,false
0x7cdd640440db1e26adaa2953d26f9f4e82bcb59e,49,0.00,0.00,1 | 1 | 3,9 | 6 | 3,2024-02-12,2024-04-14,false
0xc730d296ed98d832821ff48743704b5bc54e1fb1,62,0.00,0.00,1 | 1 | 4,10 | 6 | 3,2024-02-12,2024-04-15,false
0x96927483d8321194485f1f408c14d5c38a893381,61,0.00,0.00,1 | 1 | 3,7 | 5 | 3,2024-02-12,2024-04-15,false
0x7a4e1e1360d9142660c89f402b89b954875d1838,72,0.00,0.00,1 | 1 | 3,9 | 5 | 3,2024-02-12,2024-04-15,false
0xf51012847e2d2c1fac69d5bbdf66a6f561d2a488,66,0.00,0.00,1 | 1 | 3,10 | 6 | 3,2024-02-12,2024-04-15,false
0x88273ecd65165e5d2155909babcb6e490a113fc9,57,0.00,0.00,1 | 1 | 3,10 | 6 | 3,2024-02-12,2024-04-15,false
0xf52af54ea22691a5068db22a19d67100e3c68b81,72,0.00,0.00,1 | 1 | 4,11 | 8 | 3,2024-02-12,2024-04-15,false
0x644f9bf059eba61b3cd2cd62a6f8de040153113d,69,0.00,0.00,1 | 1 | 3,9 | 6 | 3,2024-02-12,2024-04-15,false
0xce629f613eb2671a894eb09869a9305b0c2caa5d,56,0.00,0.00,1 | 2 | 4,11 | 7 | 3,2024-02-12,2024-04-15,false
0x5df247c4c180d05e98d83947246415bb324efec7,48,0.00,0.00,1 | 2 | 4,10 | 7 | 3,2024-02-12,2024-04-15,false
0x84191454b14716c694553cb121f046776c16db30,58,0.00,0.00,1 | 2 | 4,10 | 7 | 3,2024-02-12,2024-04-14,false
0x897ae57d7d7c643b1b9504e87bdd0e7c4586d97f,71,0.00,0.00,1 | 1 | 4,8 | 6 | 3,2024-02-12,2024-04-15,false
0x663539a898ad2a356f0ec42c960bf36a8274a685,47,0.00,0.00,1 | 1 | 3,7 | 5 | 3,2024-02-12,2024-04-15,false
0x7b39cdfda32b98cc06e13d83c0503c26d8deae1d,71,0.00,0.00,1 | 2 | 4,10 | 6 | 3,2024-02-12,2024-04-15,false
0x9a2109c01a15d650c00f3661169600db35b57c79,52,0.00,0.00,1 | 2 | 4,11 | 7 | 3,2024-02-12,2024-04-14,false
0xfaa655d2818dc488dd6d94da1d1da6b450925e5f,59,0.00,0.00,1 | 1 | 3,9 | 6 | 3,2024-02-12,2024-04-15,false
0xf2a831d8e42824150fb282fedb36dd60d5020ecc,59,0.00,0.00,1 | 1 | 3,9 | 7 | 3,2024-02-12,2024-04-15,false
0x6cc554b5ec0559761039a549c69667a8df5a781c,64,0.00,0.00,1 | 1 | 3,10 | 6 | 3,2024-02-12,2024-04-15,false
0x00000fc7bff652f10041c6fd8b7f44efac262069,86,0.00,0.00,1 | 1 | 3,10 | 6 | 3,2024-02-12,2024-04-15,false
0x8af5000489862153d79ffe21487caaa01aecd55e,74,0.00,0.00,1 | 1 | 3,9 | 6 | 3,2024-02-12,2024-04-15,false
0x97bced3bf851887a61eb83f7accad88483f80d3d,63,0.00,0.00,1 | 1 | 3,9 | 5 | 3,2024-02-12,2024-04-14,false
0x237adff65bd898e9f72de00a001e96eed69bdb16,64,0.00,0.00,1 | 2 | 4,9 | 6 | 3,2024-02-12,2024-04-15,false
0xdce8a3c67f16492fad78f10e6d04de56b19e1b24,40,0.00,0.00,1 | 1 | 3,8 | 5 | 3,2024-02-12,2024-04-15,false
0xd67bcbe419e7eccad20b7d6f48b3b8fac13f57e7,51,0.00,0.00,1 | 1 | 4,9 | 6 | 3,2024-02-12,2024-04-15,false
0xe91a0f339354dbea48efbc6f968a477d548d7f7e,72,0.00,0.00,1 | 1 | 4,12 | 7 | 3,2024-02-12,2024-04-15,false
0x83f19cf11d93a95428f5be6948bca80158b2414e,48,0.00,0.00,1 | 2 | 4,11 | 7 | 3,2024-02-12,2024-04-15,false
0xe5b40bbdef6505a283c6763088c859fff2e01fb8,74,0.00,0.00,1 | 2 | 4,11 | 8 | 3,2024-02-12,2024-04-15,false
0xd72f337600bf3222f39b03e5a5a72c92c90696fa,59,0.00,0.00,1 | 1 | 4,10 | 7 | 3,2024-02-12,2024-04-15,false
0x5d0571a053dc4bc2838b7c0a8172cecca75ed661,56,0.00,0.00,1 | 2 | 4,9 | 6 | 3,2024-02-12,2024-04-15,false
0x29656243277360d9c2067cdc27149dc6b2bcc850,75,0.00,0.00,1 | 1 | 3,10 | 6 | 3,2024-02-12,2024-04-14,false
0xa344c7cafcddeedfce1c0e8c7e4d7da8ef584044,66,0.00,0.00,1 | 1 | 3,10 | 5 | 3,2024-02-12,2024-04-14,false
0x1ef3f7329cbb5fce796a8c80128c8ae7fd389806,42,0.00,0.00,1 | 2 | 4,9 | 7 | 3,2024-02-12,2024-04-15,false
0x27f28b32e9d495c827ef76bf6fa1e3b2894934af,48,0.00,0.00,1 | 1 | 3,8 | 5 | 3,2024-02-12,2024-04-14,false
0x11e04f922ca9407b50b7ba5d8804a067c9f72dd5,60,0.00,0.00,1 | 2 | 4,9 | 6 | 3,2024-02-12,2024-04-15,false
0x48e422d2bf48bd1699b1fc1bf3ea823c233ed778,66,0.00,0.00,1 | 2 | 4,9 | 6 | 3,2024-02-12,2024-04-14,false
0x0000db87bc9c5ded1ef2afd190c5fb5a77b48a22,64,0.00,0.00,1 | 1 | 3,9 | 5 | 3,2024-02-12,2024-04-14,false
0xf4d72a82ef966747fa00955b98d70089e32e3ba3,83,0.00,0.00,1 | 1 | 3,11 | 7 | 3,2024-02-12,2024-04-15,false
0xda041559c518c494b907aa56dcafe330bca9a2f6,63,0.00,0.00,1 | 2 | 4,11 | 7 | 3,2024-02-12,2024-04-14,false
0x0266b2da96f5d125f9bcea27b18cef285d7b0076,56,0.00,0.00,1 | 2 | 4,11 | 7 | 3,2024-02-12,2024-04-15,false
0x000095eecd54ed3e8a52f4f4ce1c0994d9885eeb,40,0.00,0.00,1 | 1 | 3,8 | 5 | 3,2024-02-12,2024-04-15,false
0x0217227ef4543f03575e1b1c1755f1c44c9124b2,82,0.00,0.00,1 | 1 | 3,10 | 5 | 3,2024-02-12,2024-04-15,false
0xa4ba6156f57d9f01637f02fd3f0f3e0ca830a623,45,0.00,0.00,1 | 1 | 3,8 | 5 | 3,2024-02-12,2024-04-14,false
0xa1261b95fae061fa23a559ca93ce6772364b3161,71,0.00,0.00,1 | 2 | 4,12 | 7 | 3,2024-02-12,2024-04-15,false
0xd0601866227f807f9fcae5f82a1a7d4513222a5b,48,0.00,0.00,1 | 1 | 3,10 | 7 | 3,2024-02-12,2024-04-15,false
0x156a6c1163e1067d82900f13853971a56796592e,53,0.00,0.00,1 | 1 | 3,10 | 5 | 3,2024-02-12,2024-04-14,false
0x00009a58dcce3790c02b34001e00aa10433c9155,40,0.00,0.00,1 | 1 | 3,8 | 6 | 3,2024-02-13,2024-04-15,false
0x00001ba91ebe8a0581563c65965288b504c8cc53,89,0.00,0.00,1 | 1 | 3,10 | 7 | 3,2024-02-13,2024-04-15,false
0x0000183c9de00f63740666ad273ecf1ba2ad2285,36,0.00,0.00,1 | 1 | 3,6 | 5 | 3,2024-02-13,2024-04-15,false
0x0000f19d1677ce30d8b198a3456efb37da0ad0dc,58,0.00,0.00,1 | 2 | 4,9 | 7 | 3,2024-02-13,2024-04-15,false
0xab1616b537bb2affdafd889da44a86438f9918bf,58,0.00,0.00,1 | 2 | 4,8 | 7 | 3,2024-02-13,2024-04-15,false
0xba9a0bb31b6f958e8b9fd75ac374261fbeabd416,41,0.00,0.00,1 | 1 | 2,6 | 5 | 3,2024-02-13,2024-04-14,false
0x55d15c46c9696b08e63e88b2f55ddfa4a0cf8b4d,58,0.00,0.00,1 | 1 | 3,7 | 5 | 3,2024-02-13,2024-04-15,false
0xb1f86566377b55a31e21cd22cde79e51a4ff2459,46,0.00,0.00,1 | 2 | 4,8 | 6 | 3,2024-02-14,2024-04-15,false
0x2ed517eefc92f26f9a7d81fa8458287d480aa9eb,67,0.00,0.00,1 | 2 | 4,11 | 7 | 3,2024-02-14,2024-04-15,false
0x259c2ada4eedb62e1fda0917c8c5d03d5db59a4c,45,0.00,0.00,1 | 1 | 3,8 | 5 | 3,2024-02-14,2024-04-14,false
0xb3cbeeb269f0c3aab1ff7a7ec58b45eb545d53ca,70,0.00,0.00,1 | 1 | 4,8 | 6 | 3,2024-02-14,2024-04-15,false
0xa6e628045f2d7b8a752546ec4057f204f16bb24a,37,0.00,0.00,1 | 1 | 3,9 | 7 | 3,2024-02-14,2024-04-15,false
0x0cbfdbb70e9562963c537434359257161e744807,50,0.00,0.00,1 | 2 | 4,8 | 6 | 3,2024-02-14,2024-04-14,false
0xd945348864251a671e45e2510c8141fef3b74913,76,0.00,0.00,1 | 2 | 4,10 | 7 | 3,2024-02-14,2024-04-15,false
0x434020c39188807881a3e066eb0758ae5caeba39,69,0.00,0.00,1 | 1 | 3,9 | 6 | 3,2024-02-14,2024-04-15,false
0x8c6ec174a963fb2ae7c7bd1acb240b6695db0bec,48,0.00,0.00,1 | 1 | 3,6 | 5 | 3,2024-02-14,2024-04-15,false
0xf3bc44554fd49bfc35df98f9c68d54a0fa355b49,67,0.00,0.00,1 | 2 | 4,9 | 7 | 3,2024-02-14,2024-04-15,false
0xfa58b9ff3a0339089250a64c42b6f96e8b72cc67,50,0.00,0.00,1 | 1 | 4,7 | 6 | 3,2024-02-14,2024-04-14,false
0xacf6322be4037b11f3c88369f7f8b0ab4bd85b70,68,0.00,0.00,1 | 2 | 4,9 | 6 | 3,2024-02-14,2024-04-14,false
0xb731d57689aec3b413e788401b44b5767479c48b,74,0.00,0.00,1 | 1 | 3,9 | 6 | 3,2024-02-14,2024-04-14,false
0xd2b3d3a7545277b6faf16ab4e3d6d801b0b43691,52,0.00,0.00,1 | 1 | 3,7 | 5 | 3,2024-02-14,2024-04-15,false
0x1367afe7a6019e6cddb3763c9c9f806e22fd6acb,52,0.00,0.00,1 | 2 | 4,9 | 7 | 3,2024-02-14,2024-04-15,false
0xd6aeec645eb3bca84f76ce1cdab6c5c0661c3967,44,0.00,0.00,1 | 1 | 4,9 | 8 | 3,2024-02-14,2024-04-15,false
0x0cb290f553e08b134f6401f545fb1e349aada698,77,0.00,0.00,1 | 1 | 3,9 | 6 | 3,2024-02-14,2024-04-14,false
0x3d8660fc5840da7398f5081e58b006528323d19d,58,0.00,0.00,1 | 2 | 4,9 | 7 | 3,2024-02-14,2024-04-15,false
0xa93020597d0bf9ea0c57139857617ac49368fe2c,44,0.00,0.00,1 | 1 | 3,9 | 5 | 3,2024-02-14,2024-04-14,false
0xd70f60f5c266e7d28f6397a98292576824433478,73,0.00,0.00,1 | 1 | 3,9 | 5 | 3,2024-02-15,2024-04-15,false
0x1c363cdf04a3af84e42244f9ba7b68221cee541f,60,0.00,0.00,1 | 2 | 4,9 | 7 | 3,2024-02-15,2024-04-14,false
0xa6cfee39d1a09e03b3c9643ec0885d5628cf1dd9,42,0.00,0.00,1 | 1 | 3,7 | 5 | 3,2024-02-15,2024-04-15,false
0x0e09f84159543763b7235d04fb072e76734767be,65,0.00,0.00,1 | 1 | 3,7 | 5 | 3,2024-02-15,2024-04-15,false
0x9113c835690fb1bd4982b6dbf049d290cb18e09f,52,0.00,0.00,1 | 1 | 4,9 | 6 | 3,2024-02-15,2024-04-14,false
0x0cb621b602001061f65f17cadd1e4535f875969b,56,0.00,0.00,1 | 2 | 4,10 | 7 | 3,2024-02-15,2024-04-15,false
0x74fdfd1e26d12b7efcbb494395998032cdceb6b1,55,0.00,0.00,1 | 1 | 3,7 | 6 | 3,2024-02-15,2024-04-15,false
0xafd037d433f7b048654dedd0fbcc133c47607d9a,45,0.00,0.00,1 | 2 | 4,8 | 7 | 3,2024-02-15,2024-04-15,false
0xa0f49d9322bf84b1881c841fc03feea1ed7b6090,80,0.00,0.00,1 | 1 | 4,12 | 7 | 3,2024-02-15,2024-04-14,false
